001,,,1,名詞,一般,*,*,*,*,001,ゼロゼロワン,ゼロゼロワン
002,,,1,名詞,一般,*,*,*,*,002,ゼロゼロツー,ゼロゼロツー
003,,,1,名詞,一般,*,*,*,*,003,ゼロゼロスリー,ゼロゼロスリー
004,,,1,名詞,一般,*,*,*,*,004,ゼロゼロフォー,ゼロゼロフォー
005,,,1,名詞,一般,*,*,*,*,005,ゼロゼロファイブ,ゼロゼロファイブ
006,,,1,名詞,一般,*,*,*,*,006,ゼロゼロシックス,ゼロゼロシックス
007,,,1,名詞,一般,*,*,*,*,007,ゼロゼロセブン,ゼロゼロセブン
008,,,1,名詞,一般,*,*,*,*,008,ゼロゼロエイト,ゼロゼロエイト
009,,,1,名詞,一般,*,*,*,*,009,ゼロゼロナイン,ゼロゼロナイン
/バスター,,,1,名詞,一般,*,*,*,*,/バスター,スラッシュバスター,スラッシュバスター
「E」,,,1,名詞,一般,*,*,*,*,「E」,「イー」,「イー」
「H」,,,1,名詞,一般,*,*,*,*,「H」,「エイチ」,「エイチ」
「T」,,,1,名詞,一般,*,*,*,*,「T」,「ティー」,「ティー」
「紅」,,,1,名詞,一般,*,*,*,*,「紅」,クレナイ,クレナイ
「聖」,,,-1,名詞,一般,*,*,*,*,「聖」,ヒジリ,ヒジリ
「鉄」,,,1,名詞,一般,*,*,*,*,「鉄」,「クロガネ」,「クロガネ」
4つ星,,,1,名詞,一般,*,*,*,*,4つ星,ヨツボシ,ヨツボシ
56プレーン,,,1,名詞,一般,*,*,*,*,56プレーン,ファイブシックスプレーン,ファイブシックスプレーン
7カード,,,1,名詞,一般,*,*,*,*,7カード,セブンカード,セブンカード
∞,,,1,名詞,一般,*,*,*,*,∞,インフィニティ,インフィニティ
A,,,1,名詞,一般,*,*,*,*,A,エー,エー
A BF,,,1,名詞,一般,*,*,*,*,A BF,アサルト ブラックフェザー,アサルト ブラックフェザー
A・O・J,,,1,名詞,一般,*,*,*,*,A・O・J,アーリー・オブ・ジャスティス,アーリー・オブ・ジャスティス
A・,,,-10000,名詞,一般,*,*,*,*,A・,アーリー・,アーリー・
AM-7,,,1,名詞,一般,*,*,*,*,AM-7,エーエム-セブン,エーエム-セブン
Aslla piscu,,,1,名詞,一般,*,*,*,*,Aslla piscu,アスラ ピスク,アスラ ピスク
Asllapiscu,,,1,名詞,一般,*,*,*,*,Asllapiscu,アスラピスク,アスラピスク
B.C.3000,,,1,名詞,一般,*,*,*,*,B.C.3000,ビー.シー.サンゼン,ビー.シー.サンゼン
BF,,,1,名詞,一般,*,*,*,*,BF,ブラックフェザー,ブラックフェザー
BK,,,1,名詞,一般,*,*,*,*,BK,バーニングナックラー,バーニングナックラー
Bloo-D,,,1,名詞,一般,*,*,*,*,Bloo-D,ブルーディー,ブルーディー
C,,,1,名詞,一般,*,*,*,*,C,コクーン,コクーン
C・HERO,,,-10000,名詞,一般,*,*,*,*,C・HERO,コントラストヒーロー,コントラストヒーロー
C・コイル,,,1,名詞,一般,*,*,*,*,C・コイル,チェーン・コイル,チェーン・コイル
C・シューター,,,1,名詞,一般,*,*,*,*,C・シューター,チェーン・シューター,チェーン・シューター
C・スネーク,,,1,名詞,一般,*,*,*,*,C・スネーク,チェーン・スネーク,チェーン・スネーク
C・ドラゴン,,,1,名詞,一般,*,*,*,*,C・ドラゴン,チェーン・ドラゴン,チェーン・ドラゴン
C・リペアラー,,,1,名詞,一般,*,*,*,*,C・リペアラー,チェーン・リペアラー,チェーン・リペアラー
Ccapac Apu,,,1,名詞,一般,*,*,*,*,Ccapac Apu,コカパク アプ,コカパク アプ
Ccarayhua,,,1,名詞,一般,*,*,*,*,Ccarayhua,コカライア,コカライア
CH,,,1,名詞,一般,*,*,*,*,CH,コミックヒーロー,コミックヒーロー
Chacu Challhua,,,1,名詞,一般,*,*,*,*,Chacu Challhua,チャク チャルア,チャク チャルア
Claw Stream,,,1,名詞,一般,*,*,*,*,Claw Stream,クロウ ストリーム,クロウ ストリーム
CNo.,,,1,名詞,一般,*,*,*,*,CNo.,カオスナンバーズ,カオスナンバーズ
Core,,,1,名詞,一般,*,*,*,*,Core,コア,コア
Cusillu,,,1,名詞,一般,*,*,*,*,Cusillu,クシル,クシル
CX,,,1,名詞,一般,*,*,*,*,CX,カオスエクシーズ,カオスエクシーズ
C-クラッシュ・ワイバーン,,,1,名詞,一般,*,*,*,*,C-クラッシュ・ワイバーン,シー-クラッシュ・ワイバーン,シー-クラッシュ・ワイバーン
D,,,1,名詞,一般,*,*,*,*,D,ディー,ディー
D&C,,,1,名詞,一般,*,*,*,*,D&C,ディーアンドシー,ディーアンドシー
D・,,,-10000,名詞,一般,*,*,*,*,D・,ディフォーマー・,ディフォーマー・
D・D・M,,,-10000,名詞,一般,*,*,*,*,D・D・M,ディファレント・ディメンション・マスター,ディファレント・ディメンション・マスター
D・D・R,,,-10000,名詞,一般,*,*,*,*,D・D・R,ディー・ディー・アール,ディー・ディー・アール
D・ナポレオン,,,-10000,名詞,一般,*,*,*,*,D・ナポレオン,ダーク・ナポレオン,ダーク・ナポレオン
D2,,,1,名詞,一般,*,*,*,*,D2,ディーツー,ディーツー
D3,,,1,名詞,一般,*,*,*,*,D3,ディーキュービック,ディーキュービック
D-HERO,,,1,名詞,一般,*,*,*,*,D-HERO,デステニーヒーロー,デステニーヒーロー
DNA,,,1,名詞,一般,*,*,*,*,DNA,ディーエヌエー,ディーエヌエー
Dr.,,,1,名詞,一般,*,*,*,*,Dr.,ドクター.,ドクター.
Dragoon,,,1,名詞,一般,*,*,*,*,Dragoon,ドラグーン,ドラグーン
DT,,,1,名詞,一般,*,*,*,*,DT,ディーティー,ディーティー
DZW,,,1,名詞,一般,*,*,*,*,DZW,ダーク・ゼアル・ウェポン,ダーク・ゼアル・ウェポン
E・HERO,,,1,名詞,一般,*,*,*,*,E・HERO,エレメンタルヒーロー,エレメンタルヒーロー
E☆HERO,,,1,名詞,一般,*,*,*,*,E☆HERO,エンターテインメント・ヒーロー,エンターテインメント・ヒーロー
E-HERO,,,1,名詞,一般,*,*,*,*,E-HERO,イービルヒーロー,イービルヒーロー
Em,,,1,名詞,一般,*,*,*,*,Em,エンタメイジ,エンタメイジ
EM,,,1,名詞,一般,*,*,*,*,EM,エンタメイト,エンタメイト
EMゴールド・ファング,,,1,名詞,一般,*,*,*,*,EMゴールド・ファング,エンタメイトゴールド・ファング,エンタメイトゴールド・ファング
END,,,1,名詞,一般,*,*,*,*,END,エンド,エンド
EX-カリバーン,,,1,名詞,一般,*,*,*,*,EX-カリバーン,エクス-カリバーン,エクス-カリバーン
F・G・D,,,1,名詞,一般,*,*,*,*,F・G・D,ファイブ・ゴッド・ドラゴン,ファイブ・ゴッド・ドラゴン
FNo.,,,1,名詞,一般,*,*,*,*,FNo.,フューチャーナンバーズ,フューチャーナンバーズ
G,,,1,名詞,一般,*,*,*,*,G,ジー,ジー
G・B・ハンター,,,1,名詞,一般,*,*,*,*,G・B・ハンター,ジー・ビー・ハンター,ジー・ビー・ハンター
G・コザッキー,,,1,名詞,一般,*,*,*,*,G・コザッキー,ジャイアント・コザッキー,ジャイアント・コザッキー
Great TORNADO,,,1,名詞,一般,*,*,*,*,Great TORNADO,グレイト トルネード,グレイト トルネード
GUY,,,1,名詞,一般,*,*,*,*,GUY,ガイ,ガイ
H・C,,,1,名詞,一般,*,*,*,*,H・C,ヒロイック・チャレンジャー,ヒロイック・チャレンジャー
H2O,,,1,名詞,一般,*,*,*,*,H2O,エイチツーオー,エイチツーオー
HANZO,,,1,名詞,一般,*,*,*,*,HANZO,ハンゾー,ハンゾー
H-C,,,1,名詞,一般,*,*,*,*,H-C,ヒロイック-チャンピオン,ヒロイック-チャンピオン
Heart-eartH,,,1,名詞,一般,*,*,*,*,Heart-eartH,ハートアース,ハートアース
Heart-eartH Chaos Dragon,,,1,名詞,一般,*,*,*,*,Heart-eartH Chaos Dragon,ハートアース・カオス・ドラゴン,ハートアース・カオス・ドラゴン
Heart-eartH Dragon,,,1,名詞,一般,*,*,*,*,Heart-eartH Dragon,ハートアース・ドラゴン,ハートアース・ドラゴン
HERO,,,1,名詞,一般,*,*,*,*,HERO,ヒーロー,ヒーロー
HERO'S,,,1,名詞,一般,*,*,*,*,HERO'S,ヒーローズ,ヒーローズ
HSR,,,1,名詞,一般,*,*,*,*,HSR,ハイスピードロイド,ハイスピードロイド
Jr.,,,1,名詞,一般,*,*,*,*,Jr.,ジュニア,ジュニア
KA-2,,,1,名詞,一般,*,*,*,*,KA-2,ケーエー-ツー,ケーエー-ツー
Kozmo,,,1,名詞,一般,*,*,*,*,Kozmo,コズモ,コズモ
LEDバグ,,,1,名詞,一般,*,*,*,*,LEDバグ,レディバグ,レディバグ
LL,,,1,名詞,一般,*,*,*,*,LL,リリカル・ルスキニア,リリカル・ルスキニア
LV,,,1,名詞,一般,*,*,*,*,LV,レベル,レベル
LV1,,,1,名詞,一般,*,*,*,*,LV1,レベルワン,レベルワン
LV10,,,1,名詞,一般,*,*,*,*,LV10,レベルテン,レベルテン
LV2,,,1,名詞,一般,*,*,*,*,LV2,レベルツー,レベルツー
LV3,,,1,名詞,一般,*,*,*,*,LV3,レベルスリー,レベルスリー
LV4,,,1,名詞,一般,*,*,*,*,LV4,レベルフォー,レベルフォー
LV5,,,1,名詞,一般,*,*,*,*,LV5,レベルファイブ,レベルファイブ
LV6,,,1,名詞,一般,*,*,*,*,LV6,レベルシックス,レベルシックス
LV7,,,1,名詞,一般,*,*,*,*,LV7,レベルセブン,レベルセブン
LV8,,,1,名詞,一般,*,*,*,*,LV8,レベルエイト,レベルエイト
LV9,,,1,名詞,一般,*,*,*,*,LV9,レベルナイン,レベルナイン
M.X-セイバー,,,1,名詞,一般,*,*,*,*,M.X-セイバー,ミッシングエックス-セイバー,ミッシングエックス-セイバー
M・HERO,,,1,名詞,一般,*,*,*,*,M・HERO,マスクドヒーロー,マスクドヒーロー
M7,,,1,名詞,一般,*,*,*,*,M7,メシエセブン,メシエセブン
MASAKI,,,1,名詞,一般,*,*,*,*,MASAKI,マサキ,マサキ
MAX,,,1,名詞,一般,*,*,*,*,MAX,マックス,マックス
Mk-3,,,1,名詞,一般,*,*,*,*,Mk-3,マーク-スリー,マーク-スリー
Mk-III,,,1,名詞,一般,*,*,*,*,Mk-III,マークスリー,マークスリー
Ms.JUDGE,,,1,名詞,一般,*,*,*,*,Ms.JUDGE,ミズ・ジャッジ,ミズ・ジャッジ
N,,,1,名詞,一般,*,*,*,*,N,ネオスペーシアン,ネオスペーシアン
NEXT,,,1,名詞,一般,*,*,*,*,NEXT,ネクスト,ネクスト
No Entry,,,1,名詞,一般,*,*,*,*,No Entry,ノーエントリー,ノーエントリー
SNo.,,,1,名詞,一般,*,*,*,*,SNo.,シャイニングナンバーズ,シャイニングナンバーズ
No.,,,1,名詞,一般,*,*,*,*,No.,ナンバーズ,ナンバーズ
OMK,,,1,名詞,一般,*,*,*,*,OMK,オーエムケー,オーエムケー
ONE,,,1,名詞,一般,*,*,*,*,ONE,ワン,ワン
P,,,1,名詞,一般,*,*,*,*,P,ペンデュラム,ペンデュラム
P・M・キャプチャー,,,1,名詞,一般,*,*,*,*,P・M・キャプチャー,ピー・エム・キャプチャー,ピー・エム・キャプチャー
PSYフレーム,,,1,名詞,一般,*,*,*,*,PSYフレーム,サイフレーム,サイフレーム
RDM,,,1,名詞,一般,*,*,*,*,RDM,ランクダウンマジック,ランクダウンマジック
RR,,,1,名詞,一般,*,*,*,*,RR,レイド・ラプターズ,レイド・ラプターズ
RUM,,,1,名詞,一般,*,*,*,*,RUM,ランクアップマジック,ランクアップマジック
S・H・Ark Knight,,,1,名詞,一般,*,*,*,*,S・H・Ark Knight,サイレント・オナーズ・アーク・ナイト,サイレント・オナーズ・アーク・ナイト
S・H・Dark Knight,,,1,名詞,一般,*,*,*,*,S・H・Dark Knight,サイレント・オナーズ・ダーク・ナイト,サイレント・オナーズ・ダーク・ナイト
SASUKE,,,1,名詞,一般,*,*,*,*,SASUKE,サスケ,サスケ
SDロボ,,,1,名詞,一般,*,*,*,*,SDロボ,スーパーディフェンスロボ,スーパーディフェンスロボ
Sin,,,1,名詞,一般,*,*,*,*,Sin,シン,シン
sophia,,,1,名詞,一般,*,*,*,*,sophia,ソピア,ソピア
SR,,,1,名詞,一般,*,*,*,*,SR,スピードロイド,スピードロイド
SZW,,,1,名詞,一般,*,*,*,*,SZW,シャイニング・ゼアル・ウェポン,シャイニング・ゼアル・ウェポン
T-34,,,1,名詞,一般,*,*,*,*,T-34,ティー-サンジュウヨン,ティー-サンジュウヨン
T45,,,1,名詞,一般,*,*,*,*,T45,ティーフォーティーファイブ,ティーフォーティーファイブ
TG,,,1,名詞,一般,*,*,*,*,TG,テックジーナス,テックジーナス
TG1-EM1,,,1,名詞,一般,*,*,*,*,TG1-EM1,ティージーワン-イーエムワン,ティージーワン-イーエムワン
TG-SX1,,,1,名詞,一般,*,*,*,*,TG-SX1,ティージー-エスエックスワン,ティージー-エスエックスワン
TGX1-HL,,,1,名詞,一般,*,*,*,*,TGX1-HL,ティージーエックスワン-エイチエル,ティージーエックスワン-エイチエル
TGX300,,,1,名詞,一般,*,*,*,*,TGX300,ティージーエックススリーハンドレッド,ティージーエックススリーハンドレッド
TGX3-DX2,,,1,名詞,一般,*,*,*,*,TGX3-DX2,ティージーエックススリー-ディーエックスツー,ティージーエックススリー-ディーエックスツー
The,,,1,名詞,一般,*,*,*,*,The,ザ,ザ
THE FOOL,,,1,名詞,一般,*,*,*,*,THE FOOL,ザ・フール,ザ・フール
tierra,,,1,名詞,一般,*,*,*,*,tierra,ティエラ,ティエラ
TM-1,,,1,名詞,一般,*,*,*,*,TM-1,ティーエム-ワン,ティーエム-ワン
TYPE-6,,,1,名詞,一般,*,*,*,*,TYPE-6,タイプ-シックス,タイプ-シックス
U.A.,,,1,名詞,一般,*,*,*,*,U.A.,ウルトラアスリート,ウルトラアスリート
Ur,,,1,名詞,一般,*,*,*,*,Ur,ウル,ウル
Uru,,,1,名詞,一般,*,*,*,*,Uru,ウル,ウル
V.F.D.,,,1,名詞,一般,*,*,*,*,V.F.D.,ザ・ビースト,ザ・ビースト
V・HERO,,,1,名詞,一般,*,*,*,*,V・HERO,ヴィジョンヒーロー,ヴィジョンヒーロー
Vain,,,1,名詞,一般,*,*,*,*,Vain,ヴェイン,ヴェイン
Vサラマンダー,,,1,名詞,一般,*,*,*,*,Vサラマンダー,ブイサラマンダー,ブイサラマンダー
Wiraqocha Rasca,,,1,名詞,一般,*,*,*,*,Wiraqocha Rasca,ウィラコチャ ラスカ,ウィラコチャ ラスカ
World,,,1,名詞,一般,*,*,*,*,World,ワールド,ワールド
WW,,,1,名詞,一般,*,*,*,*,WW,ウィンド・ウィッチ,ウィンド・ウィッチ
W星雲,,,1,名詞,一般,*,*,*,*,W星雲,ダブルセイウン,ダブルセイウン
X・E・N・O,,,1,名詞,一般,*,*,*,*,X・E・N・O,ゼノ,ゼノ
XX03,,,1,名詞,一般,*,*,*,*,XX03,ダブルエックスゼロスリー,ダブルエックスゼロスリー
X-セイバー,,,1,名詞,一般,*,*,*,*,X-セイバー,エックス-セイバー,エックス-セイバー
ZERO,,,1,名詞,一般,*,*,*,*,ZERO,ゼロ,ゼロ
ZS,,,1,名詞,一般,*,*,*,*,ZS,ゼアル・サーバス,ゼアル・サーバス
ZW,,,1,名詞,一般,*,*,*,*,ZW,ゼアル・ウェポン,ゼアル・ウェポン
Ω,,,1,名詞,一般,*,*,*,*,Ω,オメガ,オメガ
アーティファクト,,,1,名詞,一般,*,*,*,*,アーティファクト,アーティファクト,アーティファクト
アクアアクトレス,,,1,名詞,一般,*,*,*,*,アクアアクトレス,アクアアクトレス,アクアアクトレス
アクアリウム,,,1,名詞,一般,*,*,*,*,アクアリウム,アクアリウム,アクアリウム
アグニマズドV,,,1,名詞,一般,*,*,*,*,アグニマズドV,アグニマズドバニッシャー,アグニマズドバニッシャー
アビス,,,1,名詞,一般,*,*,*,*,アビス,アビス,アビス
アポクリフォート,,,1,名詞,一般,*,*,*,*,アポクリフォート,アポクリフォート,アポクリフォート
アマゾネス,,,1,名詞,一般,*,*,*,*,アマゾネス,アマゾネス,アマゾネス
アマゾネスの射手,,,1,名詞,一般,*,*,*,*,アマゾネスの射手,アマゾネスアーチャー,アマゾネスアーチャー
アマゾネスペット虎,,,1,名詞,一般,*,*,*,*,アマゾネスペット虎,アマゾネスペットタイガー,アマゾネスペットタイガー
アマゾネス女王,,,1,名詞,一般,*,*,*,*,アマゾネス女王,アマゾネスクィーン,アマゾネスクィーン
アマゾネス女帝,,,1,名詞,一般,*,*,*,*,アマゾネス女帝,アマゾネスエンプレス,アマゾネスエンプレス
アモルファージ,,,1,名詞,一般,*,*,*,*,アモルファージ,アモルファージ,アモルファージ
アモルファクターP,,,1,名詞,一般,*,*,*,*,アモルファクターP,アモルファクターサイコ,アモルファクターサイコ
アモルファスP,,,1,名詞,一般,*,*,*,*,アモルファスP,アモルファスペルソナ,アモルファスペルソナ
アルカナフォース,,,1,名詞,一般,*,*,*,*,アルカナフォース,アルカナフォース,アルカナフォース
アルトリウス,,,1,名詞,一般,*,*,*,*,アルトリウス,アルトリウス,アルトリウス
アロマ,,,1,名詞,一般,*,*,*,*,アロマ,アロマ,アロマ
アンブラル,,,1,名詞,一般,*,*,*,*,アンブラル,アンブラル,アンブラル
イーサルウェポン,,,1,名詞,一般,*,*,*,*,イーサルウェポン,イーサルウェポン,イーサルウェポン
イグナイト,,,1,名詞,一般,*,*,*,*,イグナイト,イグナイト,イグナイト
イグニスターP,,,1,名詞,一般,*,*,*,*,イグニスターP,イグニスタープロミネンス,イグニスタープロミネンス
イグニッションP,,,1,名詞,一般,*,*,*,*,イグニッションP,イグニッションフェニックス,イグニッションフェニックス
インヴェルズ,,,1,名詞,一般,*,*,*,*,インヴェルズ,インヴェルズ,インヴェルズ
インセクト女王,,,1,名詞,一般,*,*,*,*,インセクト女王,インセクトクイーン,インセクトクイーン
インフェルニティ,,,1,名詞,一般,*,*,*,*,インフェルニティ,インフェルニティ,インフェルニティ
インフェルノイド,,,1,名詞,一般,*,*,*,*,インフェルノイド,インフェルノイド,インフェルノイド
ヴァイロン,,,1,名詞,一般,*,*,*,*,ヴァイロン,ヴァイロン,ヴァイロン
ヴァンパイア,,,1,名詞,一般,*,*,*,*,ヴァンパイア,ヴァンパイア,ヴァンパイア
ヴァンパイア帝国,,,1,名詞,一般,*,*,*,*,ヴァンパイア帝国,ヴァンパイアエンパイア,ヴァンパイアエンパイア
ヴェノム,,,1,名詞,一般,*,*,*,*,ヴェノム,ヴェノム,ヴェノム
ヴェルズ,,,1,名詞,一般,*,*,*,*,ヴェルズ,ヴェルズ,ヴェルズ
ウォリアー,,,1,名詞,一般,*,*,*,*,ウォリアー,ウォリアー,ウォリアー
ヴォルカニック,,,1,名詞,一般,*,*,*,*,ヴォルカニック,ヴォルカニック,ヴォルカニック
ウジャト眼,,,1,名詞,一般,*,*,*,*,ウジャト眼,ウジャトガン,ウジャトガン
エヴォルカイザー,,,1,名詞,一般,*,*,*,*,エヴォルカイザー,エヴォルカイザー,エヴォルカイザー
エヴォルダー,,,1,名詞,一般,*,*,*,*,エヴォルダー,エヴォルダー,エヴォルダー
エヴォルド,,,1,名詞,一般,*,*,*,*,エヴォルド,エヴォルド,エヴォルド
エーリアン,,,1,名詞,一般,*,*,*,*,エーリアン,エーリアン,エーリアン
エクシーズ,,,1,名詞,一般,*,*,*,*,エクシーズ,エクシーズ,エクシーズ
エクシーズ・ドラゴン,,,1,名詞,一般,*,*,*,*,エクシーズ・ドラゴン,エクシーズ・ドラゴン,エクシーズ・ドラゴン
エクゾディア,,,1,名詞,一般,*,*,*,*,エクゾディア,エクゾディア,エクゾディア
エッジインプ,,,1,名詞,一般,*,*,*,*,エッジインプ,エッジインプ,エッジインプ
エルフの剣士,,,1,名詞,一般,*,*,*,*,エルフの剣士,エルフノケンシ,エルフノケンシ
エレキ,,,1,名詞,一般,*,*,*,*,エレキ,エレキ,エレキ
エンジェルO7,,,1,名詞,一般,*,*,*,*,エンジェルO7,エンジェルオーセブン,エンジェルオーセブン
オーディンの眼,,,1,名詞,一般,*,*,*,*,オーディンの眼,オーディンノマナコ,オーディンノマナコ
オーパーツ,,,1,名詞,一般,*,*,*,*,オーパーツ,オーパーツ,オーパーツ
オービタル 7,,,1,名詞,一般,*,*,*,*,オービタル 7,オービタル セブン,オービタル セブン
おジャマ,,,1,名詞,一般,*,*,*,*,おジャマ,おジャマ,おジャマ
オッドアイズ,,,1,名詞,一般,*,*,*,*,オッドアイズ,オッドアイズ,オッドアイズ
オノマト連携,,,1,名詞,一般,*,*,*,*,オノマト連携,オノマトペア,オノマトペア
お札,,,1,名詞,一般,*,*,*,*,お札,オフダ,オフダ
ガエル,,,1,名詞,一般,*,*,*,*,ガエル,ガエル,ガエル
カオス,,,1,名詞,一般,*,*,*,*,カオス,カオス,カオス
カオス・ソルジャー,,,1,名詞,一般,*,*,*,*,カオス・ソルジャー,カオス・ソルジャー,カオス・ソルジャー
ガガガ,,,1,名詞,一般,*,*,*,*,ガガガ,ガガガ,ガガガ
カゲボウ-C,,,1,名詞,一般,*,*,*,*,カゲボウ-C,カゲボウ-シー,カゲボウ-シー
ガジェット,,,1,名詞,一般,*,*,*,*,ガジェット,ガジェット,ガジェット
ガスタ,,,1,名詞,一般,*,*,*,*,ガスタ,ガスタ,ガスタ
ガトムズ,,,1,名詞,一般,*,*,*,*,ガトムズ,ガトムズ,ガトムズ
カブ-10,,,1,名詞,一般,*,*,*,*,カブ-10,カブ-ト,カブ-ト
かめ虫,,,1,名詞,一般,*,*,*,*,かめ虫,カメムシ,カメムシ
カラクリ,,,1,名詞,一般,*,*,*,*,カラクリ,カラクリ,カラクリ
カラスの巨群,,,1,名詞,一般,*,*,*,*,カラスの巨群,カラスノキョグン,カラスノキョグン
ガンドラ,,,1,名詞,一般,*,*,*,*,ガンドラ,ガンドラ,ガンドラ
ガンドラX,,,1,名詞,一般,*,*,*,*,ガンドラX,ガンドラクロス,ガンドラクロス
ギアギア,,,1,名詞,一般,*,*,*,*,ギアギア,ギアギア,ギアギア
ギアギアーノ,,,1,名詞,一般,*,*,*,*,ギアギアーノ,ギアギアーノ,ギアギアーノ
ギアギアーノ Mk-III,,,1,名詞,一般,*,*,*,*,ギアギアーノ Mk-III,ギアギアーノ マークスリー,ギアギアーノ マークスリー
ギミック・パペット,,,1,名詞,一般,*,*,*,*,ギミック・パペット,ギミック・パペット,ギミック・パペット
ギャラクシー,,,1,名詞,一般,*,*,*,*,ギャラクシー,ギャラクシー,ギャラクシー
ギャラクシーアイズ,,,1,名詞,一般,*,*,*,*,ギャラクシーアイズ,ギャラクシーアイズ,ギャラクシーアイズ
ギャラクシーアイズ・タキオン・ドラゴン,,,1,名詞,一般,*,*,*,*,ギャラクシーアイズ・タキオン・ドラゴン,ギャラクシーアイズ・タキオン・ドラゴン,ギャラクシーアイズ・タキオン・ドラゴン
キュウ-B,,,1,名詞,一般,*,*,*,*,キュウ-B,キュウ-ビー,キュウ-ビー
クリスタルP,,,1,名詞,一般,*,*,*,*,クリスタルP,クリスタルポテンシャル,クリスタルポテンシャル
クリフォート,,,1,名詞,一般,*,*,*,*,クリフォート,クリフォート,クリフォート
クリボー,,,1,名詞,一般,*,*,*,*,クリボー,クリボー,クリボー
グレイドル,,,1,名詞,一般,*,*,*,*,グレイドル,グレイドル,グレイドル
グロウ-V,,,1,名詞,一般,*,*,*,*,グロウ-V,グロウ-ブ,グロウ-ブ
コアキメイル,,,1,名詞,一般,*,*,*,*,コアキメイル,コアキメイル,コアキメイル
ゴーゴンの眼,,,1,名詞,一般,*,*,*,*,ゴーゴンの眼,ゴーゴンノマナコ,ゴーゴンノマナコ
ゴーストリック,,,1,名詞,一般,*,*,*,*,ゴーストリック,ゴーストリック,ゴーストリック
ゴーストリックの人形,,,1,名詞,一般,*,*,*,*,ゴーストリックの人形,ゴーストリックノヒトガタ,ゴーストリックノヒトガタ
ゴゴゴ,,,1,名詞,一般,*,*,*,*,ゴゴゴ,ゴゴゴ,ゴゴゴ
ココロガマ-A,,,1,名詞,一般,*,*,*,*,ココロガマ-A,ココロガマ-エー,ココロガマ-エー
ゴブリン,,,1,名詞,一般,*,*,*,*,ゴブリン,ゴブリン,ゴブリン
サイバー,,,1,名詞,一般,*,*,*,*,サイバー,サイバー,サイバー
サイバー・エンジェル,,,1,名詞,一般,*,*,*,*,サイバー・エンジェル,サイバー・エンジェル,サイバー・エンジェル
サイバー・オーガ・2,,,1,名詞,一般,*,*,*,*,サイバー・オーガ・2,サイバー・オーガ・ツー,サイバー・オーガ・ツー
サイバー・ドラゴン,,,1,名詞,一般,*,*,*,*,サイバー・ドラゴン,サイバー・ドラゴン,サイバー・ドラゴン
サイバネティック,,,1,名詞,一般,*,*,*,*,サイバネティック,サイバネティック,サイバネティック
サイファー,,,1,名詞,一般,*,*,*,*,サイファー,サイファー,サイファー
サイレント・ソードマン,,,1,名詞,一般,*,*,*,*,サイレント・ソードマン,サイレント・ソードマン,サイレント・ソードマン
サイレント・マジシャン,,,1,名詞,一般,*,*,*,*,サイレント・マジシャン,サイレント・マジシャン,サイレント・マジシャン
サルト-B,,,1,名詞,一般,*,*,*,*,サルト-B,サルト-ビー,サルト-ビー
サン-5,,,1,名詞,一般,*,*,*,*,サン-5,サン-ゴ,サン-ゴ
ジェネクス,,,1,名詞,一般,*,*,*,*,ジェネクス,ジェネクス,ジェネクス
ジェム,,,1,名詞,一般,*,*,*,*,ジェム,ジェム,ジェム
ジェムナイト,,,1,名詞,一般,*,*,*,*,ジェムナイト,ジェムナイト,ジェムナイト
ジシャ-Q,,,1,名詞,一般,*,*,*,*,ジシャ-Q,ジシャ-クー,ジシャ-クー
シノビ-A・C,,,1,名詞,一般,*,*,*,*,シノビ-A・C,シノビ-ア・シー,シノビ-ア・シー
しびれ薬,,,1,名詞,一般,*,*,*,*,しびれ薬,シビレグスリ,シビレグスリ
ジャックポット7,,,1,名詞,一般,*,*,*,*,ジャックポット7,ジャックポットセブン,ジャックポットセブン
シャドール,,,1,名詞,一般,*,*,*,*,シャドール,シャドール,シャドール
ジャンク,,,1,名詞,一般,*,*,*,*,ジャンク,ジャンク,ジャンク
ジュラック,,,1,名詞,一般,*,*,*,*,ジュラック,ジュラック,ジュラック
シンクロ・ドラゴン,,,1,名詞,一般,*,*,*,*,シンクロ・ドラゴン,シンクロ・ドラゴン,シンクロ・ドラゴン
シンクロン,,,1,名詞,一般,*,*,*,*,シンクロン,シンクロン,シンクロン
スクラップ,,,1,名詞,一般,*,*,*,*,スクラップ,スクラップ,スクラップ
スサノ-O,,,1,名詞,一般,*,*,*,*,スサノ-O,スサノ-オー,スサノ-オー
スターヴ・ヴェノム,,,1,名詞,一般,*,*,*,*,スターヴ・ヴェノム,スターヴ・ヴェノム,スターヴ・ヴェノム
スターダスト,,,1,名詞,一般,*,*,*,*,スターダスト,スターダスト,スターダスト
ステラナイト,,,1,名詞,一般,*,*,*,*,ステラナイト,ステラナイト,ステラナイト
ズババ,,,1,名詞,一般,*,*,*,*,ズババ,ズババ,ズババ
スフィンクス,,,1,名詞,一般,*,*,*,*,スフィンクス,スフィンクス,スフィンクス
スプラウト,,,1,名詞,一般,*,*,*,*,スプラウト,スプラウト,スプラウト
スプリット・D・ローズ,,,1,名詞,一般,*,*,*,*,スプリット・D・ローズ,スプリット・デモン・ローズ,スプリット・デモン・ローズ
セイヴァー,,,1,名詞,一般,*,*,*,*,セイヴァー,セイヴァー,セイヴァー
セイクリッド,,,1,名詞,一般,*,*,*,*,セイクリッド,セイクリッド,セイクリッド
セイバー,,,1,名詞,一般,*,*,*,*,セイバー,セイバー,セイバー
セフィラ,,,1,名詞,一般,*,*,*,*,セフィラ,セフィラ,セフィラ
ゼンマイ,,,1,名詞,一般,*,*,*,*,ゼンマイ,ゼンマイ,ゼンマイ
ソード-999,,,1,名詞,一般,*,*,*,*,ソード-999,ソード-キューキューキュー,ソード-キューキューキュー
ゾディアックS,,,1,名詞,一般,*,*,*,*,ゾディアックS,ゾディアックサイン,ゾディアックサイン
ダイナスターP,,,1,名詞,一般,*,*,*,*,ダイナスターP,ダイナスターパワフル,ダイナスターパワフル
ダイナミスト,,,1,名詞,一般,*,*,*,*,ダイナミスト,ダイナミスト,ダイナミスト
ダイナミックP,,,1,名詞,一般,*,*,*,*,ダイナミックP,ダイナミックパワーロード,ダイナミックパワーロード
タイマ-2,,,1,名詞,一般,*,*,*,*,タイマ-2,タイマ-ツー,タイマ-ツー
ダグラの剣,,,1,名詞,一般,*,*,*,*,ダグラの剣,ダグラノツルギ,ダグラノツルギ
ダストン,,,1,名詞,一般,*,*,*,*,ダストン,ダストン,ダストン
タマ-C,,,1,名詞,一般,*,*,*,*,タマ-C,タマ-シー,タマ-シー
ダンテ,,,1,名詞,一般,*,*,*,*,ダンテ,ダンテ,ダンテ
チェンジ,,,1,名詞,一般,*,*,*,*,チェンジ,チェンジ,チェンジ
ツヅ-3,,,1,名詞,一般,*,*,*,*,ツヅ-3,ツヅ-ミ,ツヅ-ミ
ティマイオスの眼,,,1,名詞,一般,*,*,*,*,ティマイオスの眼,ティマイオスノマナコ,ティマイオスノマナコ
デーモン,,,1,名詞,一般,*,*,*,*,デーモン,デーモン,デーモン
デストーイ,,,1,名詞,一般,*,*,*,*,デストーイ,デストーイ,デストーイ
テラナイト,,,1,名詞,一般,*,*,*,*,テラナイト,テラナイト,テラナイト
テンB-N,,,1,名詞,一般,*,*,*,*,テンB-N,テンビン,テンビン
てんとう虫,,,1,名詞,一般,*,*,*,*,てんとう虫,テントウムシ,テントウムシ
天輪,,,1,名詞,一般,*,*,*,*,天輪,テンリン,テンリン
トゥーン,,,1,名詞,一般,*,*,*,*,トゥーン,トゥーン,トゥーン
ドドド,,,1,名詞,一般,*,*,*,*,ドドド,ドドド,ドドド
トマボー,,,1,名詞,一般,*,*,*,*,トマボー,トマボー,トマボー
ドラグニティ,,,1,名詞,一般,*,*,*,*,ドラグニティ,ドラグニティ,ドラグニティ
ドラゴニックD,,,1,名詞,一般,*,*,*,*,ドラゴニックD,ドラゴニックダイアグラム,ドラゴニックダイアグラム
トラップ・リアクター・RR,,,-10000,名詞,一般,*,*,*,*,トラップ・リアクター・RR,トラップ・リアクター・ダブルアール,トラップ・リアクター・ダブルアール
トラミッド,,,1,名詞,一般,*,*,*,*,トラミッド,トラミッド,トラミッド
トリックスター,,,1,名詞,一般,*,*,*,*,トリックスター,トリックスター,トリックスター
ながれ者,,,1,名詞,一般,*,*,*,*,ながれ者,ナガレモノ,ナガレモノ
ナチュル,,,1,名詞,一般,*,*,*,*,ナチュル,ナチュル,ナチュル
ニトロ,,,1,名詞,一般,*,*,*,*,ニトロ,ニトロ,ニトロ
にん人,,,1,名詞,一般,*,*,*,*,にん人,ニンジン,ニンジン
ヌス-10,,,1,名詞,一般,*,*,*,*,ヌス-10,ヌス-トウ,ヌス-トウ
ネオス,,,1,名詞,一般,*,*,*,*,ネオス,ネオス,ネオス
ネクロバレー,,,1,名詞,一般,*,*,*,*,ネクロバレー,ネクロバレー,ネクロバレー
ハーピィ,,,1,名詞,一般,*,*,*,*,ハーピィ,ハーピィ,ハーピィ
ハーピィ・レディ1,,,1,名詞,一般,*,*,*,*,ハーピィ・レディ1,ハーピィ・レディワン,ハーピィ・レディワン
ハーピィ・レディ2,,,1,名詞,一般,*,*,*,*,ハーピィ・レディ2,ハーピィ・レディツー,ハーピィ・レディツー
ハーピィズペット竜,,,1,名詞,一般,*,*,*,*,ハーピィズペット竜,ハーピィズペットドラゴン,ハーピィズペットドラゴン
パイナップル爆弾,,,1,名詞,一般,*,*,*,*,パイナップル爆弾,パイナップルボム,パイナップルボム
はぐれ者,,,1,名詞,一般,*,*,*,*,はぐれ者,ハグレモノ,ハグレモノ
バジェストマ,,,1,名詞,一般,*,*,*,*,バジェストマ,バジェストマ,バジェストマ
バスター・ブレイダー,,,1,名詞,一般,*,*,*,*,バスター・ブレイダー,バスター・ブレイダー,バスター・ブレイダー
ハネクリボー,,,1,名詞,一般,*,*,*,*,ハネクリボー,ハネクリボー,ハネクリボー
バハルストスF,,,1,名詞,一般,*,*,*,*,バハルストスF,バハルストスフューラー,バハルストスフューラー
パワー・ツール,,,1,名詞,一般,*,*,*,*,パワー・ツール,パワー・ツール,パワー・ツール
ビークロイド,,,1,名詞,一般,*,*,*,*,ビークロイド,ビークロイド,ビークロイド
ヒーローズルール2,,,1,名詞,一般,*,*,*,*,ヒーローズルール2,ヒーローズルールツー,ヒーローズルールツー
ヒキャ-Q,,,1,名詞,一般,*,*,*,*,ヒキャ-Q,ヒキャ-ク,ヒキャ-ク
ヒス-E,,,1,名詞,一般,*,*,*,*,ヒス-E,ヒス-イー,ヒス-イー
ヒステリック天使,,,1,名詞,一般,*,*,*,*,ヒステリック天使,ヒステリックエンジェル,ヒステリックエンジェル
ビッグベン-K,,,1,名詞,一般,*,*,*,*,ビッグベン-K,ビッグベン-ケー,ビッグベン-ケー
ビッグワラ-G,,,1,名詞,一般,*,*,*,*,ビッグワラ-G,ビッグワラ-ジー,ビッグワラ-ジー
ビビット騎士,,,1,名詞,一般,*,*,*,*,ビビット騎士,ビビットナイト,ビビットナイト
ヒロイック,,,1,名詞,一般,*,*,*,*,ヒロイック,ヒロイック,ヒロイック
ファーニマル,,,1,名詞,一般,*,*,*,*,ファーニマル,ファーニマル,ファーニマル
ファントム,,,1,名詞,一般,*,*,*,*,ファントム,ファントム,ファントム
フィッシュボーグ,,,1,名詞,一般,*,*,*,*,フィッシュボーグ,フィッシュボーグ,フィッシュボーグ
フォーチュンレディ,,,1,名詞,一般,*,*,*,*,フォーチュンレディ,フォーチュンレディ,フォーチュンレディ
フォトン,,,1,名詞,一般,*,*,*,*,フォトン,フォトン,フォトン
フュージョン,,,1,名詞,一般,*,*,*,*,フュージョン,フュージョン,フュージョン
フュージョン・ドラゴン,,,1,名詞,一般,*,*,*,*,フュージョン・ドラゴン,フュージョン・ドラゴン,フュージョン・ドラゴン
ブラック・マジシャン,,,1,名詞,一般,*,*,*,*,ブラック・マジシャン,ブラック・マジシャン,ブラック・マジシャン
ブラック・マジシャン・ガール,,,1,名詞,一般,*,*,*,*,ブラック・マジシャン・ガール,ブラック・マジシャン・ガール,ブラック・マジシャン・ガール
ブレイズ・キャノン,,,1,名詞,一般,*,*,*,*,ブレイズ・キャノン,ブレイズ・キャノン,ブレイズ・キャノン
プレデター,,,1,名詞,一般,*,*,*,*,プレデター,プレデター,プレデター
フレムベル,,,1,名詞,一般,*,*,*,*,フレムベル,フレムベル,フレムベル
ブンボーグ,,,1,名詞,一般,*,*,*,*,ブンボーグ,ブンボーグ,ブンボーグ
ヘイズ,,,1,名詞,一般,*,*,*,*,ヘイズ,ヘイズ,ヘイズ
ペンギン,,,1,名詞,一般,*,*,*,*,ペンギン,ペンギン,ペンギン
ペンデュラム,,,1,名詞,一般,*,*,*,*,ペンデュラム,ペンデュラム,ペンデュラム
ペンデュラム・ドラゴン,,,1,名詞,一般,*,*,*,*,ペンデュラム・ドラゴン,ペンデュラム・ドラゴン,ペンデュラム・ドラゴン
ペンデュラムグラフ,,,1,名詞,一般,*,*,*,*,ペンデュラムグラフ,ペンデュラムグラフ,ペンデュラムグラフ
ホープ,,,1,名詞,一般,*,*,*,*,ホープ,ホープ,ホープ
ホール,,,1,名詞,一般,*,*,*,*,ホール,ホール,ホール
ホラガ-E,,,1,名詞,一般,*,*,*,*,ホラガ-E,ホラガ-イー,ホラガ-イー
ホルスの黒炎竜,,,1,名詞,一般,*,*,*,*,ホルスの黒炎竜,ホルスノコクエンリュウ,ホルスノコクエンリュウ
マグネット・ウォリアー,,,1,名詞,一般,*,*,*,*,マグネット・ウォリアー,マグネット・ウォリアー,マグネット・ウォリアー
マグネンI,,,1,名詞,一般,*,*,*,*,マグネンI,マグネンアイ,マグネンアイ
マグネンU,,,1,名詞,一般,*,*,*,*,マグネンU,マグネンユー,マグネンユー
マジェスターP,,,1,名詞,一般,*,*,*,*,マジェスターP,マジェスターパラディン,マジェスターパラディン
マジェスティックP,,,1,名詞,一般,*,*,*,*,マジェスティックP,マジェスティックペガサス,マジェスティックペガサス
マジェスペクター,,,1,名詞,一般,*,*,*,*,マジェスペクター,マジェスペクター,マジェスペクター
マジシャン・ガール,,,1,名詞,一般,*,*,*,*,マジシャン・ガール,マジシャン・ガール,マジシャン・ガール
マジック4,,,1,名詞,一般,*,*,*,*,マジック4,マジックフォー,マジックフォー
マシンナーズ,,,1,名詞,一般,*,*,*,*,マシンナーズ,マシンナーズ,マシンナーズ
マドルチェ,,,1,名詞,一般,*,*,*,*,マドルチェ,マドルチェ,マドルチェ
マリスボラス,,,1,名詞,一般,*,*,*,*,マリスボラス,マリスボラス,マリスボラス
ムーンライト,,,1,名詞,一般,*,*,*,*,ムーンライト,ムーンライト,ムーンライト
ムサ-C,,,1,名詞,一般,*,*,*,*,ムサ-C,ムサ-シー,ムサ-シー
メタモルF,,,1,名詞,一般,*,*,*,*,メタモルF,メタモルフォーメーション,メタモルフォーメーション
メダリオン,,,1,名詞,一般,*,*,*,*,メダリオン,メダリオン,メダリオン
メタルフォーゼ,,,1,名詞,一般,*,*,*,*,メタルフォーゼ,メタルフォーゼ,メタルフォーゼ
ライトロード,,,1,名詞,一般,*,*,*,*,ライトロード,ライトロード,ライトロード
ラヴァル,,,1,名詞,一般,*,*,*,*,ラヴァル,ラヴァル,ラヴァル
ランスロット,,,1,名詞,一般,*,*,*,*,ランスロット,ランスロット,ランスロット
リアクター,,,1,名詞,一般,*,*,*,*,リアクター,リアクター,リアクター
リゾネーター,,,1,名詞,一般,*,*,*,*,リゾネーター,リゾネーター,リゾネーター
リチュア,,,1,名詞,一般,*,*,*,*,リチュア,リチュア,リチュア
リトスアジムD,,,1,名詞,一般,*,*,*,*,リトスアジムD,リトスアジムディザスター,リトスアジムディザスター
レアル・ジェネクス,,,1,名詞,一般,*,*,*,*,レアル・ジェネクス,レアル・ジェネクス,レアル・ジェネクス
レッド・デーモン,,,1,名詞,一般,*,*,*,*,レッド・デーモン,レッド・デーモン,レッド・デーモン
レプティレス,,,1,名詞,一般,*,*,*,*,レプティレス,レプティレス,レプティレス
ロイド,,,1,名詞,一般,*,*,*,*,ロイド,ロイド,ロイド
ワーム,,,1,名詞,一般,*,*,*,*,ワーム,ワーム,ワーム
ワカ-O2,,,1,名詞,一般,*,*,*,*,ワカ-O2,ワカ-オニ,ワカ-オニ
阿修羅副腕,,,1,名詞,一般,*,*,*,*,阿修羅副腕,アシュラ・ブロー,アシュラ・ブロー
悪シノビ,,,1,名詞,一般,*,*,*,*,悪シノビ,オシノビ,オシノビ
悪魂邪苦止,,,1,名詞,一般,*,*,*,*,悪魂邪苦止,オタマジャクシ,オタマジャクシ
悪魔ガエル,,,1,名詞,一般,*,*,*,*,悪魔ガエル,アマガエル,アマガエル
悪魔の鏡,,,1,名詞,一般,*,*,*,*,悪魔の鏡,デーモンズ・ミラー,デーモンズ・ミラー
悪魔の調理師,,,1,名詞,一般,*,*,*,*,悪魔の調理師,デビル・コック,デビル・コック
悪魔鏡,,,1,名詞,一般,*,*,*,*,悪魔鏡,アクマカガミ,アクマカガミ
暗炎星,,,1,名詞,一般,*,*,*,*,暗炎星,アンエンセイ,アンエンセイ
暗黒,,,1,名詞,一般,*,*,*,*,暗黒,アンコク,アンコク
暗黒ヴェロキ,,,1,名詞,一般,*,*,*,*,暗黒ヴェロキ,ブラックヴェロキ,ブラックヴェロキ
暗黒ステゴ,,,1,名詞,一般,*,*,*,*,暗黒ステゴ,ブラックステゴ,ブラックステゴ
暗黒ドリケラトプス,,,1,名詞,一般,*,*,*,*,暗黒ドリケラトプス,ダークドリケラトプス,ダークドリケラトプス
暗黒の竜王,,,1,名詞,一般,*,*,*,*,暗黒の竜王,アンコクノドラゴン,アンコクノドラゴン
暗黒プテラ,,,1,名詞,一般,*,*,*,*,暗黒プテラ,ブラックプテラ,ブラックプテラ
暗黒ブラキ,,,1,名詞,一般,*,*,*,*,暗黒ブラキ,ブラックブラキ,ブラックブラキ
暗黒界,,,1,名詞,一般,*,*,*,*,暗黒界,アンコクカイ,アンコクカイ
暗黒界の雷,,,1,名詞,一般,*,*,*,*,暗黒界の雷,アンコクカイノイカズチ,アンコクカイノイカズチ
暗黒騎士ガイア,,,1,名詞,一般,*,*,*,*,暗黒騎士ガイア,アンコクキシガイア,アンコクキシガイア
暗黒恐獣,,,1,名詞,一般,*,*,*,*,暗黒恐獣,ブラック・ティラノ,ブラック・ティラノ
暗遷士,,,1,名詞,一般,*,*,*,*,暗遷士,アンセンシ,アンセンシ
案内人,,,1,名詞,一般,*,*,*,*,案内人,アンナイニン,アンナイニン
闇の芸術家,,,1,名詞,一般,*,*,*,*,闇の芸術家,ダーク・アーティスト,ダーク・アーティスト
闇の支配者-ゾーク,,,1,名詞,一般,*,*,*,*,闇の支配者-ゾーク,ダーク・マスター-ゾーク,ダーク・マスター-ゾーク
闇紅の魔導師,,,1,名詞,一般,*,*,*,*,闇紅の魔導師,ダークレッド・エンチャンター,ダークレッド・エンチャンター
闇帝,,,1,名詞,一般,*,*,*,*,闇帝,アンテイ,アンテイ
闇竜の黒騎士,,,1,名詞,一般,*,*,*,*,闇竜の黒騎士,ブラックナイト・オブ・ダークドラゴン,ブラックナイト・オブ・ダークドラゴン
闇竜星,,,1,名詞,一般,*,*,*,*,闇竜星,アンリュウセイ,アンリュウセイ
伊弉凪,,,1,名詞,一般,*,*,*,*,伊弉凪,イザナギ,イザナギ
伊弉波,,,1,名詞,一般,*,*,*,*,伊弉波,イザナミ,イザナミ
偉大天狗,,,1,名詞,一般,*,*,*,*,偉大天狗,グレート・テング,グレート・テング
偉大魔獣,,,1,名詞,一般,*,*,*,*,偉大魔獣,グレートマジュウ,グレートマジュウ
威光魔人,,,1,名詞,一般,*,*,*,*,威光魔人,マジェスティー・デビル,マジェスティー・デビル
異界,,,1,名詞,一般,*,*,*,*,異界,イカイ,イカイ
異星,,,1,名詞,一般,*,*,*,*,異星,イセイ,イセイ
遺言の札,,,1,名詞,一般,*,*,*,*,遺言の札,ユイゴンノフダ,ユイゴンノフダ
一回休み,,,1,名詞,一般,*,*,*,*,一回休み,イッカイヤスミ,イッカイヤスミ
一角獣皇槍,,,1,名詞,一般,*,*,*,*,一角獣皇槍,ユニコーン・キング・スピア,ユニコーン・キング・スピア
一角戦士,,,1,名詞,一般,*,*,*,*,一角戦士,ユニコーンナイト,ユニコーンナイト
一眼の盾竜,,,1,名詞,一般,*,*,*,*,一眼の盾竜,ワンアイド・シールドドラゴン,ワンアイド・シールドドラゴン
一騎加勢,,,1,名詞,一般,*,*,*,*,一騎加勢,イッキカセイ,イッキカセイ
一手,,,1,名詞,一般,*,*,*,*,一手,イッテ,イッテ
一点買い,,,1,名詞,一般,*,*,*,*,一点買い,イッテンガイ,イッテンガイ
壱七七,,,1,名詞,一般,*,*,*,*,壱七七,イナシチ,イナシチ
稲荷火,,,1,名詞,一般,*,*,*,*,稲荷火,イナリビ,イナリビ
稲妻,,,1,名詞,一般,*,*,*,*,稲妻,イナズマ,イナズマ
陰陽師,,,1,名詞,一般,*,*,*,*,陰陽師,オンミョウシ,オンミョウシ
陰陽神,,,1,名詞,一般,*,*,*,*,陰陽神,オンミョウジン,オンミョウジン
隠されし機殻,,,1,名詞,一般,*,*,*,*,隠されし機殻,アポクリフォート,アポクリフォート
隠蜜,,,1,名詞,一般,*,*,*,*,隠蜜,オンミツ,オンミツ
右鎌神柱,,,1,名詞,一般,*,*,*,*,右鎌神柱,ウレンシンチュウ,ウレンシンチュウ
右腕,,,1,名詞,一般,*,*,*,*,右腕,ミギウデ,ミギウデ
宇宙砦,,,1,名詞,一般,*,*,*,*,宇宙砦,ソラトリデ,ソラトリデ
宇宙獣,,,1,名詞,一般,*,*,*,*,宇宙獣,ソラケモノ,ソラケモノ
羽根帚,,,1,名詞,一般,*,*,*,*,羽根帚,ハネボウキ,ハネボウキ
雨隠れのサヨ,,,1,名詞,一般,*,*,*,*,雨隠れのサヨ,アマガクレノサヨ,アマガクレノサヨ
雨四光,,,1,名詞,一般,*,*,*,*,雨四光,アメシコウ,アメシコウ
雲魔物,,,1,名詞,一般,*,*,*,*,雲魔物,クラウディアン,クラウディアン
雲魔物のスコール,,,1,名詞,一般,*,*,*,*,雲魔物のスコール,クラウディアン・スコール,クラウディアン・スコール
影依の原核,,,1,名詞,一般,*,*,*,*,影依の原核,シャドールーツ,シャドールーツ
影依融合,,,1,名詞,一般,*,*,*,*,影依融合,シャドール・フュージョン,シャドール・フュージョン
影星,,,1,名詞,一般,*,*,*,*,影星,エイセイ,エイセイ
影霊衣,,,1,名詞,一般,*,*,*,*,影霊衣,ネクロス,ネクロス
影霊獣使い,,,1,名詞,一般,*,*,*,*,影霊獣使い,エイレイジュウツカイ,エイレイジュウツカイ
英雄変化,,,1,名詞,一般,*,*,*,*,英雄変化,チェンジ・オブ・ヒーロー,チェンジ・オブ・ヒーロー
疫病,,,1,名詞,一般,*,*,*,*,疫病,エキビョウ,エキビョウ
円盤闘士,,,1,名詞,一般,*,*,*,*,円盤闘士,ディスクファイター,ディスクファイター
宴タ女,,,1,名詞,一般,*,*,*,*,宴タ女,エンタメ,エンタメ
怨邪帝,,,1,名詞,一般,*,*,*,*,怨邪帝,オンジャテイ,オンジャテイ
炎を支配する者,,,1,名詞,一般,*,*,*,*,炎を支配する者,フレイム・ルーラー,フレイム・ルーラー
炎圧鬼,,,1,名詞,一般,*,*,*,*,炎圧鬼,エンアッキ,エンアッキ
炎渦,,,1,名詞,一般,*,*,*,*,炎渦,エンカ,エンカ
炎王,,,1,名詞,一般,*,*,*,*,炎王,エンオウ,エンオウ
炎王獣,,,1,名詞,一般,*,*,*,*,炎王獣,エンオウジュウ,エンオウジュウ
炎環,,,1,名詞,一般,*,*,*,*,炎環,エンカン,エンカン
炎虎梁山爆,,,1,名詞,一般,*,*,*,*,炎虎梁山爆,エンコリョウザンバク,エンコリョウザンバク
炎獄,,,1,名詞,一般,*,*,*,*,炎獄,エンゴク,エンゴク
炎車,,,1,名詞,一般,*,*,*,*,炎車,エンシャ,エンシャ
炎獣,,,1,名詞,一般,*,*,*,*,炎獣,エンジュウ,エンジュウ
炎神機,,,1,名詞,一般,*,*,*,*,炎神機,フレイムギア,フレイムギア
炎神-不知火,,,1,名詞,一般,*,*,*,*,炎神-不知火,ホムラガミ-シラヌイ,ホムラガミ-シラヌイ
炎塵,,,1,名詞,一般,*,*,*,*,炎塵,エンジン,エンジン
炎征竜,,,1,名詞,一般,*,*,*,*,炎征竜,エンセイリュウ,エンセイリュウ
炎星,,,1,名詞,一般,*,*,*,*,炎星,エンセイ,エンセイ
炎帝,,,1,名詞,一般,*,*,*,*,炎帝,エンテイ,エンテイ
炎熱刀,,,1,名詞,一般,*,*,*,*,炎熱刀,エンネツトウ,エンネツトウ
炎舞,,,1,名詞,一般,*,*,*,*,炎舞,エンブ,エンブ
炎壁,,,1,名詞,一般,*,*,*,*,炎壁,エンペキ,エンペキ
炎妖蝶,,,1,名詞,一般,*,*,*,*,炎妖蝶,エンヨウチョウ,エンヨウチョウ
炎竜星,,,1,名詞,一般,*,*,*,*,炎竜星,エンリュウセイ,エンリュウセイ
炎龍,,,1,名詞,一般,*,*,*,*,炎龍,マグナ・ドラゴ,マグナ・ドラゴ
炎霊神,,,1,名詞,一般,*,*,*,*,炎霊神,エンレイシン,エンレイシン
焔虎,,,1,名詞,一般,*,*,*,*,焔虎,フレイム・タイガー,フレイム・タイガー
焔紫竜,,,1,名詞,一般,*,*,*,*,焔紫竜,ホムラリュウ,ホムラリュウ
焔征竜,,,1,名詞,一般,*,*,*,*,焔征竜,エンセイリュウ,エンセイリュウ
燕の太刀,,,1,名詞,一般,*,*,*,*,燕の太刀,ツバクロノタチ,ツバクロノタチ
猿魔王,,,1,名詞,一般,*,*,*,*,猿魔王,エンマオウ,エンマオウ
横綱犬,,,1,名詞,一般,*,*,*,*,横綱犬,ヨコチュナ,ヨコチュナ
王虎,,,1,名詞,一般,*,*,*,*,王虎,オウコ,オウコ
王魂調和,,,1,名詞,一般,*,*,*,*,王魂調和,オウゴンチョウワ,オウゴンチョウワ
王者の調和,,,1,名詞,一般,*,*,*,*,王者の調和,キングス・シンクロ,キングス・シンクロ
王墓,,,1,名詞,一般,*,*,*,*,王墓,オウボ,オウボ
黄金の天道虫,,,1,名詞,一般,*,*,*,*,黄金の天道虫,ゴールデン・レディバグ,ゴールデン・レディバグ
黄金色,,,1,名詞,一般,*,*,*,*,黄金色,コガネイロ,コガネイロ
黄血鬼,,,1,名詞,一般,*,*,*,*,黄血鬼,オウケツキ,オウケツキ
黄昏の双龍,,,1,名詞,一般,*,*,*,*,黄昏の双龍,トワイライト・ツイン・ドラグーン,トワイライト・ツイン・ドラグーン
黄龍,,,1,名詞,一般,*,*,*,*,黄龍,コウリュウ,コウリュウ
音楽家の帝王,,,1,名詞,一般,*,*,*,*,音楽家の帝王,ミュージシャン・キング,ミュージシャン・キング
音響戦士,,,1,名詞,一般,*,*,*,*,音響戦士,サウンドウォリアー,サウンドウォリアー
音速ダック,,,1,名詞,一般,*,*,*,*,音速ダック,ソニックダック,ソニックダック
下準備,,,1,名詞,一般,*,*,*,*,下準備,シタジュンビ,シタジュンビ
化合獣,,,1,名詞,一般,*,*,*,*,化合獣,カゴウジュウ,カゴウジュウ
化合電界,,,1,名詞,一般,*,*,*,*,化合電界,スパーク・フィールド,スパーク・フィールド
化神,,,1,名詞,一般,*,*,*,*,化神,ケシン,ケシン
化石岩,,,1,名詞,一般,*,*,*,*,化石岩,カセキガン,カセキガン
仮面魔踏士,,,1,名詞,一般,*,*,*,*,仮面魔踏士,マスカレード・マジシャン,マスカレード・マジシャン
仮面竜,,,1,名詞,一般,*,*,*,*,仮面竜,マスクド・ドラゴン,マスクド・ドラゴン
河伯,,,1,名詞,一般,*,*,*,*,河伯,カワノカミ,カワノカミ
火炎草,,,1,名詞,一般,*,*,*,*,火炎草,カエンソウ,カエンソウ
火炎鳥,,,1,名詞,一般,*,*,*,*,火炎鳥,バーニングバード,バーニングバード
火器付機甲鎧,,,1,名詞,一般,*,*,*,*,火器付機甲鎧,カキツキインセクトアーマー,カキツキインセクトアーマー
火車回し,,,1,名詞,一般,*,*,*,*,火車回し,エンシャマワシ,エンシャマワシ
火之迦具土,,,1,名詞,一般,*,*,*,*,火之迦具土,ヒノカグツチ,ヒノカグツチ
火舞太刀,,,1,名詞,一般,*,*,*,*,火舞太刀,カマイタチ,カマイタチ
火竜,,,1,名詞,一般,*,*,*,*,火竜,カリュウ,カリュウ
火霊,,,1,名詞,一般,*,*,*,*,火霊,カレイ,カレイ
火霊術-「紅」,,,1,名詞,一般,*,*,*,*,火霊術-「紅」,カレイジュツ-「クレナイ」,カレイジュツ-「クレナイ」
花札衛,,,1,名詞,一般,*,*,*,*,花札衛,カーディアン,カーディアン
花瓶,,,1,名詞,一般,*,*,*,*,花瓶,カビン,カビン
花卉士,,,1,名詞,一般,*,*,*,*,花卉士,ハナキシ,ハナキシ
霞の谷,,,1,名詞,一般,*,*,*,*,霞の谷,ミスト・バレー,ミスト・バレー
霞の谷の大怪鳥,,,1,名詞,一般,*,*,*,*,霞の谷の大怪鳥,カスミノタニノダイカイチョウ,カスミノタニノダイカイチョウ
霞城,,,1,名詞,一般,*,*,*,*,霞城,カスミジョウ,カスミジョウ
霞鳥,,,1,名詞,一般,*,*,*,*,霞鳥,カチョウ,カチョウ
牙王,,,1,名詞,一般,*,*,*,*,牙王,ガオウ,ガオウ
牙鮫帝,,,1,名詞,一般,*,*,*,*,牙鮫帝,ガコウテイ,ガコウテイ
牙竜転生,,,1,名詞,一般,*,*,*,*,牙竜転生,ガリョウテンセイ,ガリョウテンセイ
牙竜咆哮,,,1,名詞,一般,*,*,*,*,牙竜咆哮,ガリュウホウコウ,ガリュウホウコウ
牙狼,,,1,名詞,一般,*,*,*,*,牙狼,ガロウ,ガロウ
壊獣,,,1,名詞,一般,*,*,*,*,壊獣,カイジュウ,カイジュウ
壊薙王,,,1,名詞,一般,*,*,*,*,壊薙王,カイチオウ,カイチオウ
快刀乱破,,,1,名詞,一般,*,*,*,*,快刀乱破,カイトウラッパ,カイトウラッパ
怪鳥,,,1,名詞,一般,*,*,*,*,怪鳥,カイチョウ,カイチョウ
怪粉,,,1,名詞,一般,*,*,*,*,怪粉,カイフン,カイフン
戒めの龍,,,1,名詞,一般,*,*,*,*,戒めの龍,パニッシュメント・ドラグーン,パニッシュメント・ドラグーン
魁炎星王,,,1,名詞,一般,*,*,*,*,魁炎星王,カイエンセイオウ,カイエンセイオウ
海の竜王,,,1,名詞,一般,*,*,*,*,海の竜王,シー・キング・ドラゴン,シー・キング・ドラゴン
海亀,,,1,名詞,一般,*,*,*,*,海亀,カイキ,カイキ
海皇,,,1,名詞,一般,*,*,*,*,海皇,カイオウ,カイオウ
海皇子,,,1,名詞,一般,*,*,*,*,海皇子,カイオウジ,カイオウジ
海神の巫女,,,1,名詞,一般,*,*,*,*,海神の巫女,ウナガミノミコ,ウナガミノミコ
海竜-ダイダロス,,,1,名詞,一般,*,*,*,*,海竜-ダイダロス,リバイアドラゴン-ダイダロス,リバイアドラゴン-ダイダロス
海咬龍,,,1,名詞,一般,*,*,*,*,海咬龍,カイコウリュウ,カイコウリュウ
灰流うらら,,,1,名詞,一般,*,*,*,*,灰流うらら,ハルウララ,ハルウララ
開岩,,,1,名詞,一般,*,*,*,*,開岩,カイガン,カイガン
外神,,,1,名詞,一般,*,*,*,*,外神,ガイシン,ガイシン
鎧黒竜,,,1,名詞,一般,*,*,*,*,鎧黒竜,ガイコクリュウ,ガイコクリュウ
鎧蜥蜴,,,1,名詞,一般,*,*,*,*,鎧蜥蜴,アーマー・リザード,アーマー・リザード
嚇灼,,,1,名詞,一般,*,*,*,*,嚇灼,カクシャク,カクシャク
殻醒,,,1,名詞,一般,*,*,*,*,殻醒,カクセイ,カクセイ
覚星輝士,,,1,名詞,一般,*,*,*,*,覚星輝士,アステラナイト,アステラナイト
覚星師,,,1,名詞,一般,*,*,*,*,覚星師,カクセイシ,カクセイシ
覚醒の魔導剣士,,,1,名詞,一般,*,*,*,*,覚醒の魔導剣士,エンライトメント・パラディン,エンライトメント・パラディン
鎌壱太刀,,,1,名詞,一般,*,*,*,*,鎌壱太刀,カマイタチ,カマイタチ
鎌参太刀,,,1,名詞,一般,*,*,*,*,鎌参太刀,カマミタチ,カマミタチ
鎌弐太刀,,,1,名詞,一般,*,*,*,*,鎌弐太刀,カマニタチ,カマニタチ
寒気,,,1,名詞,一般,*,*,*,*,寒気,カンキ,カンキ
完全燃焼,,,1,名詞,一般,*,*,*,*,完全燃焼,バーンアウト,バーンアウト
完全防音壁,,,1,名詞,一般,*,*,*,*,完全防音壁,サイレント・ウォール,サイレント・ウォール
棺,,,1,名詞,一般,*,*,*,*,棺,ヒツギ,ヒツギ
簡易融合,,,1,名詞,一般,*,*,*,*,簡易融合,インスタントフュージョン,インスタントフュージョン
貫ガエル,,,1,名詞,一般,*,*,*,*,貫ガエル,カンガエル,カンガエル
間炎星,,,1,名詞,一般,*,*,*,*,間炎星,カンエンセイ,カンエンセイ
巌征竜,,,1,名詞,一般,*,*,*,*,巌征竜,ガンセイリュウ,ガンセイリュウ
奇跡の軌跡,,,1,名詞,一般,*,*,*,*,奇跡の軌跡,ミラクルルーカス,ミラクルルーカス
奇跡の蘇生,,,1,名詞,一般,*,*,*,*,奇跡の蘇生,ミラクル・リボーン,ミラクル・リボーン
寄子,,,1,名詞,一般,*,*,*,*,寄子,ヨリコ,ヨリコ
希望魁竜,,,1,名詞,一般,*,*,*,*,希望魁竜,キボウカイリュウ,キボウカイリュウ
希望郷,,,1,名詞,一般,*,*,*,*,希望郷,キボウキョウ,キボウキョウ
希望皇ホープ,,,1,名詞,一般,*,*,*,*,希望皇ホープ,キボウオウホープ,キボウオウホープ
希望織竜,,,1,名詞,一般,*,*,*,*,希望織竜,キボウシキリュウ,キボウシキリュウ
機械犬,,,1,名詞,一般,*,*,*,*,機械犬,メカドッグ,メカドッグ
機殻の再星,,,1,名詞,一般,*,*,*,*,機殻の再星,リクリフォート,リクリフォート
機殻の生贄,,,1,名詞,一般,*,*,*,*,機殻の生贄,サクリフォート,サクリフォート
機殻の凍結,,,1,名詞,一般,*,*,*,*,機殻の凍結,クリフォートダウン,クリフォートダウン
機殻の要塞,,,1,名詞,一般,*,*,*,*,機殻の要塞,クリフォートレス,クリフォートレス
機甲部隊の最前線,,,1,名詞,一般,*,*,*,*,機甲部隊の最前線,マシンナーズ・フロントライン,マシンナーズ・フロントライン
機皇,,,1,名詞,一般,*,*,*,*,機皇,キコウ,キコウ
機皇帝,,,1,名詞,一般,*,*,*,*,機皇帝,キコウテイ,キコウテイ
機皇兵,,,1,名詞,一般,*,*,*,*,機皇兵,キコウヘイ,キコウヘイ
記憶破壊王,,,1,名詞,一般,*,*,*,*,記憶破壊王,メモリー・クラッシュ・キング,メモリー・クラッシュ・キング
記憶破壊者,,,1,名詞,一般,*,*,*,*,記憶破壊者,メモリー・クラッシャー,メモリー・クラッシャー
起動する機殻,,,1,名詞,一般,*,*,*,*,起動する機殻,クリフォートラン,クリフォートラン
輝銀の天空船,,,1,名詞,一般,*,*,*,*,輝銀の天空船,キギンノスカイシップ,キギンノスカイシップ
輝光子,,,1,名詞,一般,*,*,*,*,輝光子,キコウシ,キコウシ
輝光帝,,,1,名詞,一般,*,*,*,*,輝光帝,キコウテイ,キコウテイ
輝神鳥,,,1,名詞,一般,*,*,*,*,輝神鳥,キシンチョウ,キシンチョウ
輝石融合,,,1,名詞,一般,*,*,*,*,輝石融合,アッセンブル・フュージョン,アッセンブル・フュージョン
輝跡,,,1,名詞,一般,*,*,*,*,輝跡,キセキ,キセキ
輝白,,,1,名詞,一般,*,*,*,*,輝白,キビャク,キビャク
輝望道,,,1,名詞,一般,*,*,*,*,輝望道,シャイニング・ホープ・ロード,シャイニング・ホープ・ロード
輝竜星,,,1,名詞,一般,*,*,*,*,輝竜星,キリュウセイ,キリュウセイ
騎士デイ・グレファー,,,1,名詞,一般,*,*,*,*,騎士デイ・グレファー,ナイトデイ・グレファー,ナイトデイ・グレファー
騎襲,,,1,名詞,一般,*,*,*,*,騎襲,キシュウ,キシュウ
鬼ガエル,,,1,名詞,一般,*,*,*,*,鬼ガエル,キガエル,キガエル
鬼岩城,,,1,名詞,一般,*,*,*,*,鬼岩城,キガンジョウ,キガンジョウ
鬼神,,,1,名詞,一般,*,*,*,*,鬼神,キシン,キシン
偽骸虚龍,,,1,名詞,一般,*,*,*,*,偽骸虚龍,ギガイキョリュウ,ギガイキョリュウ
偽骸神,,,1,名詞,一般,*,*,*,*,偽骸神,ギガイシン,ギガイシン
儀水鏡,,,1,名詞,一般,*,*,*,*,儀水鏡,ギスイキョウ,ギスイキョウ
蟻岩土,,,1,名詞,一般,*,*,*,*,蟻岩土,ギガント,ギガント
逆巻のトルネード,,,1,名詞,一般,*,*,*,*,逆巻のトルネード,サカマキノトルネード,サカマキノトルネード
吸光融合,,,1,名詞,一般,*,*,*,*,吸光融合,アブソープ・フュージョン,アブソープ・フュージョン
急速充電器,,,1,名詞,一般,*,*,*,*,急速充電器,クィックチャージャー,クィックチャージャー
泣き神,,,1,名詞,一般,*,*,*,*,泣き神,ナキガミ,ナキガミ
球体形,,,1,名詞,一般,*,*,*,*,球体形,スフィア・モード,スフィア・モード
究極恐獣,,,1,名詞,一般,*,*,*,*,究極恐獣,アルティメットティラノ,アルティメットティラノ
究極幻神,,,1,名詞,一般,*,*,*,*,究極幻神,キュウキョクゲンシン,キュウキョクゲンシン
究極伝導恐獣,,,1,名詞,一般,*,*,*,*,究極伝導恐獣,アルティメットコンダクターティラノ,アルティメットコンダクターティラノ
究極宝玉神,,,1,名詞,一般,*,*,*,*,究極宝玉神,キュウキョクホウギョクシン,キュウキョクホウギョクシン
究極竜騎士,,,1,名詞,一般,*,*,*,*,究極竜騎士,マスター・オブ・ドラゴンナイト,マスター・オブ・ドラゴンナイト
旧神,,,1,名詞,一般,*,*,*,*,旧神,キュウシン,キュウシン
旧神の印,,,1,名詞,一般,*,*,*,*,旧神の印,キュウシンノイン,キュウシンノイン
牛頭鬼,,,1,名詞,一般,*,*,*,*,牛頭鬼,ゴズキ,ゴズキ
牛魔人,,,1,名詞,一般,*,*,*,*,牛魔人,ギュウマジン,ギュウマジン
巨影,,,1,名詞,一般,*,*,*,*,巨影,キョエイ,キョエイ
巨岩掌,,,1,名詞,一般,*,*,*,*,巨岩掌,キョガンショウ,キョガンショウ
巨神,,,1,名詞,一般,*,*,*,*,巨神,キョシン,キョシン
巨神鳥,,,1,名詞,一般,*,*,*,*,巨神鳥,キョシンチョウ,キョシンチョウ
巨大戦艦,,,1,名詞,一般,*,*,*,*,巨大戦艦,キョダイセンカン,キョダイセンカン
巨兵,,,1,名詞,一般,*,*,*,*,巨兵,キョヘイ,キョヘイ
巨竜,,,1,名詞,一般,*,*,*,*,巨竜,キョリュウ,キョリュウ
巨竜の守護騎士,,,-10000,名詞,一般,*,*,*,*,巨竜の守護騎士,ガーディアン・オブ・フェルグラント,ガーディアン・オブ・フェルグラント
巨竜の聖騎士,,,-10000,名詞,一般,*,*,*,*,巨竜の聖騎士,パラディン・オブ・フェルグラント,パラディン・オブ・フェルグラント
虚夢,,,1,名詞,一般,*,*,*,*,虚夢,キョム,キョム
虚無の統括者,,,1,名詞,一般,*,*,*,*,虚無の統括者,ヴァニティー・ルーラー,ヴァニティー・ルーラー
虚無を呼ぶ呪文,,,1,名詞,一般,*,*,*,*,虚無を呼ぶ呪文,ヴァニティー・コール,ヴァニティー・コール
虚無空間,,,1,名詞,一般,*,*,*,*,虚無空間,ヴァニティー・スペース,ヴァニティー・スペース
虚無魔人,,,1,名詞,一般,*,*,*,*,虚無魔人,ヴァニティー・デビル,ヴァニティー・デビル
虚竜魔王,,,1,名詞,一般,*,*,*,*,虚竜魔王,キョリュウマオウ,キョリュウマオウ
魚ギョ,,,1,名詞,一般,*,*,*,*,魚ギョ,ギョギョ,ギョギョ
供物,,,1,名詞,一般,*,*,*,*,供物,クモツ,クモツ
共振虫,,,1,名詞,一般,*,*,*,*,共振虫,レゾナンス・インセクト,レゾナンス・インセクト
共鳴虫,,,1,名詞,一般,*,*,*,*,共鳴虫,ハウリング・インセクト,ハウリング・インセクト
共鳴破,,,1,名詞,一般,*,*,*,*,共鳴破,キョウメイハ,キョウメイハ
凶星,,,1,名詞,一般,*,*,*,*,凶星,キョウセイ,キョウセイ
凶星竜,,,1,名詞,一般,*,*,*,*,凶星竜,キョウセイリュウ,キョウセイリュウ
凶旋嵐,,,1,名詞,一般,*,*,*,*,凶旋嵐,マガツセンラン,マガツセンラン
強者の苦痛,,,1,名詞,一般,*,*,*,*,強者の苦痛,キョウシャノクツウ,キョウシャノクツウ
強力のゴーグ,,,1,名詞,一般,*,*,*,*,強力のゴーグ,ゴウリキノゴーグ,ゴウリキノゴーグ
恐牙狼,,,1,名詞,一般,*,*,*,*,恐牙狼,キョウガロウ,キョウガロウ
恐撃,,,1,名詞,一般,*,*,*,*,恐撃,キョウゲキ,キョウゲキ
狂犬,,,1,名詞,一般,*,*,*,*,狂犬,マッドドッグ,マッドドッグ
狂戦士の魂,,,1,名詞,一般,*,*,*,*,狂戦士の魂,バーサーカー・ソウル,バーサーカー・ソウル
鏡像,,,1,名詞,一般,*,*,*,*,鏡像,キョウゾウ,キョウゾウ
鏡壁,,,1,名詞,一般,*,*,*,*,鏡壁,ミラーウォール,ミラーウォール
鏡鳴する,,,1,名詞,一般,*,*,*,*,鏡鳴する,キョウメイスル,キョウメイスル
響女,,,1,名詞,一般,*,*,*,*,響女,ヒビキメ,ヒビキメ
極神,,,1,名詞,一般,*,*,*,*,極神,キョクシン,キョクシン
極星,,,1,名詞,一般,*,*,*,*,極星,キョクセイ,キョクセイ
極星獣,,,1,名詞,一般,*,*,*,*,極星獣,キョクセイジュウ,キョクセイジュウ
極星神馬聖鎧,,,1,名詞,一般,*,*,*,*,極星神馬聖鎧,スレイプニール・メイル,スレイプニール・メイル
極星天,,,1,名詞,一般,*,*,*,*,極星天,キョクセイテン,キョクセイテン
極星宝,,,1,名詞,一般,*,*,*,*,極星宝,キョクセイホウ,キョクセイホウ
極星霊,,,1,名詞,一般,*,*,*,*,極星霊,キョクセイレイ,キョクセイレイ
極戦機王,,,1,名詞,一般,*,*,*,*,極戦機王,キョクセンキオウ,キョクセンキオウ
極智王,,,1,名詞,一般,*,*,*,*,極智王,キョクチオウ,キョクチオウ
極刀,,,1,名詞,一般,*,*,*,*,極刀,キョクトウ,キョクトウ
極氷姫,,,1,名詞,一般,*,*,*,*,極氷姫,キョクヒョウキ,キョクヒョウキ
極夜,,,1,名詞,一般,*,*,*,*,極夜,キョクヤ,キョクヤ
玉衝,,,1,名詞,一般,*,*,*,*,玉衝,ギョッコウ,ギョッコウ
緊急発進,,,1,名詞,一般,*,*,*,*,緊急発進,スクランブル,スクランブル
金華猫,,,1,名詞,一般,*,*,*,*,金華猫,キンカビョウ,キンカビョウ
金剛真力,,,1,名詞,一般,*,*,*,*,金剛真力,コンゴウシンリキ,コンゴウシンリキ
銀河の魔導師,,,1,名詞,一般,*,*,*,*,銀河の魔導師,ギャラクシー・ウィザード,ギャラクシー・ウィザード
銀河影竜,,,1,名詞,一般,*,*,*,*,銀河影竜,ギャラクシー・ステルス・ドラゴン,ギャラクシー・ステルス・ドラゴン
銀河遠征,,,1,名詞,一般,*,*,*,*,銀河遠征,ギャラクシー・エクスペディション,ギャラクシー・エクスペディション
銀河眼の雲篭,,,1,名詞,一般,*,*,*,*,銀河眼の雲篭,ギャラクシーアイズ・クラウドラゴン,ギャラクシーアイズ・クラウドラゴン
銀河眼の光子竜皇,,,1,名詞,一般,*,*,*,*,銀河眼の光子竜皇,ギャラクシーアイズ・プライム・フォトン・ドラゴン,ギャラクシーアイズ・プライム・フォトン・ドラゴン
銀河眼の光波刃竜,,,1,名詞,一般,*,*,*,*,銀河眼の光波刃竜,ギャラクシーアイズ・サイファー・ブレード・ドラゴン,ギャラクシーアイズ・サイファー・ブレード・ドラゴン
銀河眼の光波竜,,,1,名詞,一般,*,*,*,*,銀河眼の光波竜,ギャラクシーアイズ・サイファー・ドラゴン,ギャラクシーアイズ・サイファー・ドラゴン
銀河眼の時空竜,,,1,名詞,一般,*,*,*,*,銀河眼の時空竜,ギャラクシーアイズ・タキオン・ドラゴン,ギャラクシーアイズ・タキオン・ドラゴン
銀河騎士,,,1,名詞,一般,*,*,*,*,銀河騎士,ギャラクシー・ナイト,ギャラクシー・ナイト
銀河戦士,,,1,名詞,一般,*,*,*,*,銀河戦士,ギャラクシー・ソルジャー,ギャラクシー・ソルジャー
銀河暴竜,,,1,名詞,一般,*,*,*,*,銀河暴竜,ギャラクシー・ティラノ,ギャラクシー・ティラノ
銀河魔鏡士,,,1,名詞,一般,*,*,*,*,銀河魔鏡士,ギャラクシー・ミラー・セイジ,ギャラクシー・ミラー・セイジ
銀河零式,,,1,名詞,一般,*,*,*,*,銀河零式,ギャラクシー・ゼロ,ギャラクシー・ゼロ
九壱九,,,1,名詞,一般,*,*,*,*,九壱九,クイック,クイック
九蛇孔雀,,,1,名詞,一般,*,*,*,*,九蛇孔雀,クジャクジャク,クジャクジャク
九十九,,,1,名詞,一般,*,*,*,*,九十九,ツクモ,ツクモ
空炎星,,,1,名詞,一般,*,*,*,*,空炎星,クウエンセイ,クウエンセイ
空中補給,,,1,名詞,一般,*,*,*,*,空中補給,エアリアル・チャージ,エアリアル・チャージ
空風,,,1,名詞,一般,*,*,*,*,空風,カラカゼ,カラカゼ
軍隊竜,,,1,名詞,一般,*,*,*,*,軍隊竜,アーミー・ドラゴン,アーミー・ドラゴン
軍荼利,,,1,名詞,一般,*,*,*,*,軍荼利,グンダリ,グンダリ
契約書,,,1,名詞,一般,*,*,*,*,契約書,ケイヤクショ,ケイヤクショ
契約洗浄,,,1,名詞,一般,*,*,*,*,契約洗浄,リース・ロンダリング,リース・ロンダリング
激昂,,,1,名詞,一般,*,*,*,*,激昂,ゲキコウ,ゲキコウ
激昂のムカムカ,,,1,名詞,一般,*,*,*,*,激昂のムカムカ,ゲッコウノムカムカ,ゲッコウノムカムカ
激瀧神,,,1,名詞,一般,*,*,*,*,激瀧神,ゲキロウシン,ゲキロウシン
激瀧瀑神,,,1,名詞,一般,*,*,*,*,激瀧瀑神,ゲキロウバクシン,ゲキロウバクシン
激烈華戦艦,,,1,名詞,一般,*,*,*,*,激烈華戦艦,ゲキレッカセンカン,ゲキレッカセンカン
決闘者,,,1,名詞,一般,*,*,*,*,決闘者,デュエリスト,デュエリスト
結彼岸,,,1,名詞,一般,*,*,*,*,結彼岸,ケツヒガン,ケツヒガン
月影の,,,1,名詞,一般,*,*,*,*,月影の,ゲツエイノ,ゲツエイノ
月華,,,1,名詞,一般,*,*,*,*,月華,ゲッカ,ゲッカ
月鏡の盾,,,1,名詞,一般,*,*,*,*,月鏡の盾,ツキガミノタテ,ツキガミノタテ
月光虎,,,1,名詞,一般,*,*,*,*,月光虎,ムーンライト・タイガー,ムーンライト・タイガー
月光紅狐,,,1,名詞,一般,*,*,*,*,月光紅狐,ムーンライト・クリムゾン・フォックス,ムーンライト・クリムゾン・フォックス
月光香,,,1,名詞,一般,*,*,*,*,月光香,ゲッコウガ,ゲッコウガ
月光黒羊,,,1,名詞,一般,*,*,*,*,月光黒羊,ムーンライト・ブラック・シープ,ムーンライト・ブラック・シープ
月光彩雛,,,1,名詞,一般,*,*,*,*,月光彩雛,ムーンライト・カレイド・チック,ムーンライト・カレイド・チック
月光紫蝶,,,1,名詞,一般,*,*,*,*,月光紫蝶,ムーンライト・パープル・バタフライ,ムーンライト・パープル・バタフライ
月光蒼猫,,,1,名詞,一般,*,*,*,*,月光蒼猫,ムーンライト・ブルー・キャット,ムーンライト・ブルー・キャット
月光蝶,,,1,名詞,一般,*,*,*,*,月光蝶,ムーンリット・パピヨン,ムーンリット・パピヨン
月光白兎,,,1,名詞,一般,*,*,*,*,月光白兎,ムーンライト・ホワイト・ラビット,ムーンライト・ホワイト・ラビット
月光舞獅子姫,,,1,名詞,一般,*,*,*,*,月光舞獅子姫,ムーンライト・ライオ・ダンサー,ムーンライト・ライオ・ダンサー
月光舞猫姫,,,1,名詞,一般,*,*,*,*,月光舞猫姫,ムーンライト・キャット・ダンサー,ムーンライト・キャット・ダンサー
月光舞豹姫,,,1,名詞,一般,*,*,*,*,月光舞豹姫,ムーンライト・パンサー・ダンサー,ムーンライト・パンサー・ダンサー
月光輪廻舞踊,,,1,名詞,一般,*,*,*,*,月光輪廻舞踊,ムーンライト・リンカネーション・ダンス,ムーンライト・リンカネーション・ダンス
月光狼,,,1,名詞,一般,*,*,*,*,月光狼,ムーンライト・ウルフ,ムーンライト・ウルフ
月読命,,,1,名詞,一般,*,*,*,*,月読命,ツクヨミ,ツクヨミ
月風魔,,,1,名詞,一般,*,*,*,*,月風魔,ゲツフウマ,ゲツフウマ
健診,,,1,名詞,一般,*,*,*,*,健診,ケンシン,ケンシン
剣の采配,,,1,名詞,一般,*,*,*,*,剣の采配,ツルギノサイハイ,ツルギノサイハイ
剣の女王,,,1,名詞,一般,*,*,*,*,剣の女王,ツルギノジョオウ,ツルギノジョオウ
剣の煌き,,,1,名詞,一般,*,*,*,*,剣の煌き,ツルギノキラメキ,ツルギノキラメキ
剣聖,,,1,名詞,一般,*,*,*,*,剣聖,ケンセイ,ケンセイ
剣闘訓練所,,,1,名詞,一般,*,*,*,*,剣闘訓練所,グラディアルトレーナー,グラディアルトレーナー
剣闘獣,,,1,名詞,一般,*,*,*,*,剣闘獣,グラディアルビースト,グラディアルビースト
剣闘獣の戦車,,,1,名詞,一般,*,*,*,*,剣闘獣の戦車,グラディアルビースト・チャリオット,グラディアルビースト・チャリオット
剣闘調教,,,1,名詞,一般,*,*,*,*,剣闘調教,グラディアルテイム,グラディアルテイム
犬タウルス,,,1,名詞,一般,*,*,*,*,犬タウルス,ケンタウルス,ケンタウルス
鍵魔人,,,1,名詞,一般,*,*,*,*,鍵魔人,ケンマジン,ケンマジン
幻影騎士団,,,1,名詞,一般,*,*,*,*,幻影騎士団,ファントム・ナイツ,ファントム・ナイツ
幻影剣,,,1,名詞,一般,*,*,*,*,幻影剣,ファントム・ソード,ファントム・ソード
幻影賢者,,,1,名詞,一般,*,*,*,*,幻影賢者,バニッシュ・セージ,バニッシュ・セージ
幻影死槍,,,1,名詞,一般,*,*,*,*,幻影死槍,ファントム・デススピア,ファントム・デススピア
幻影霧剣,,,1,名詞,一般,*,*,*,*,幻影霧剣,ファントム・フォッグ・ブレード,ファントム・フォッグ・ブレード
幻影翼,,,1,名詞,一般,*,*,*,*,幻影翼,ファントム・ウィング,ファントム・ウィング
幻界突破,,,1,名詞,一般,*,*,*,*,幻界突破,ゲンカイトッパ,ゲンカイトッパ
幻殻竜,,,1,名詞,一般,*,*,*,*,幻殻竜,ゲンカクリュウ,ゲンカクリュウ
幻角獣,,,1,名詞,一般,*,*,*,*,幻角獣,ゲンカクジュウ,ゲンカクジュウ
幻子力空母,,,1,名詞,一般,*,*,*,*,幻子力空母,ミラージュフォートレス,ミラージュフォートレス
幻獣,,,1,名詞,一般,*,*,*,*,幻獣,ゲンジュウ,ゲンジュウ
幻獣の角,,,1,名詞,一般,*,*,*,*,幻獣の角,ゲンジュウノツノ,ゲンジュウノツノ
幻獣機,,,1,名詞,一般,*,*,*,*,幻獣機,ゲンジュウキ,ゲンジュウキ
幻銃士,,,1,名詞,一般,*,*,*,*,幻銃士,ゲンジュウシ,ゲンジュウシ
幻水龍,,,1,名詞,一般,*,*,*,*,幻水龍,ゲンスイリュウ,ゲンスイリュウ
幻創,,,1,名詞,一般,*,*,*,*,幻創,ゲンソウ,ゲンソウ
幻奏,,,1,名詞,一般,*,*,*,*,幻奏,ゲンソウ,ゲンソウ
幻奏の音姫,,,1,名詞,一般,*,*,*,*,幻奏の音姫,ゲンソウノオトヒメ,ゲンソウノオトヒメ
幻層,,,1,名詞,一般,*,*,*,*,幻層,ゲンソウ,ゲンソウ
幻想師・ノー・フェイス,,,1,名詞,一般,*,*,*,*,幻想師・ノー・フェイス,イリュージョニスト・ノー・フェイス,イリュージョニスト・ノー・フェイス
幻蝶,,,1,名詞,一般,*,*,*,*,幻蝶,ゲンチョウ,ゲンチョウ
幻蝶の刺客,,,1,名詞,一般,*,*,*,*,幻蝶の刺客,ゲンチョウノシキャク,ゲンチョウノシキャク
幻魔,,,1,名詞,一般,*,*,*,*,幻魔,ゲンマ,ゲンマ
幻夢境,,,1,名詞,一般,*,*,*,*,幻夢境,ドリームランド,ドリームランド
幻木龍,,,1,名詞,一般,*,*,*,*,幻木龍,ゲンボクリュウ,ゲンボクリュウ
幻竜,,,1,名詞,一般,*,*,*,*,幻竜,ミラージュドラゴン,ミラージュドラゴン
幻竜星,,,1,名詞,一般,*,*,*,*,幻竜星,ゲンリュウセイ,ゲンリュウセイ
幻煌の都,,,1,名詞,一般,*,*,*,*,幻煌の都,ゲンオウノミヤコ,ゲンオウノミヤコ
幻煌龍,,,1,名詞,一般,*,*,*,*,幻煌龍,ゲンオウリュウ,ゲンオウリュウ
弦魔人,,,1,名詞,一般,*,*,*,*,弦魔人,ゲンマジン,ゲンマジン
源竜星,,,1,名詞,一般,*,*,*,*,源竜星,ゲンリュウセイ,ゲンリュウセイ
玄武絶対聖盾,,,1,名詞,一般,*,*,*,*,玄武絶対聖盾,アルティメット・シールド,アルティメット・シールド
現世,,,1,名詞,一般,*,*,*,*,現世,ゲンセ,ゲンセ
現世行き,,,1,名詞,一般,*,*,*,*,現世行き,ゲンセユキ,ゲンセユキ
古神,,,1,名詞,一般,*,*,*,*,古神,コシン,コシン
古聖戴,,,1,名詞,一般,*,*,*,*,古聖戴,コセイタイ,コセイタイ
古代の機械騎士,,,1,名詞,一般,*,*,*,*,古代の機械騎士,アンティーク・ギアナイト,アンティーク・ギアナイト
古代の機械究極巨人,,,1,名詞,一般,*,*,*,*,古代の機械究極巨人,アンティーク・ギア・アルティメット・ゴーレム,アンティーク・ギア・アルティメット・ゴーレム
古代の機械巨人,,,1,名詞,一般,*,*,*,*,古代の機械巨人,アンティーク・ギアゴーレム,アンティーク・ギアゴーレム
古代の機械巨竜,,,1,名詞,一般,*,*,*,*,古代の機械巨竜,アンティーク・ギアガジェルドラゴン,アンティーク・ギアガジェルドラゴン
古代の機械工場,,,1,名詞,一般,*,*,*,*,古代の機械工場,アンティーク・ギアファクトリー,アンティーク・ギアファクトリー
古代の機械工兵,,,1,名詞,一般,*,*,*,*,古代の機械工兵,アンティーク・ギアエンジニア,アンティーク・ギアエンジニア
古代の機械合成獣,,,1,名詞,一般,*,*,*,*,古代の機械合成獣,アンティーク・ギアガジェルキメラ,アンティーク・ギアガジェルキメラ
古代の機械合成竜,,,1,名詞,一般,*,*,*,*,古代の機械合成竜,アンティーク・ギアヒドラ,アンティーク・ギアヒドラ
古代の機械混沌巨人,,,1,名詞,一般,*,*,*,*,古代の機械混沌巨人,アンティーク・ギア・カオス・ジャイアント,アンティーク・ギア・カオス・ジャイアント
古代の機械射出機,,,1,名詞,一般,*,*,*,*,古代の機械射出機,アンティーク・ギアカタパルト,アンティーク・ギアカタパルト
古代の機械獣,,,1,名詞,一般,*,*,*,*,古代の機械獣,アンティーク・ギアビースト,アンティーク・ギアビースト
古代の機械掌,,,1,名詞,一般,*,*,*,*,古代の機械掌,アンティーク・ギアハンド,アンティーク・ギアハンド
古代の機械城,,,1,名詞,一般,*,*,*,*,古代の機械城,アンティーク・ギアキャッスル,アンティーク・ギアキャッスル
古代の機械戦車,,,1,名詞,一般,*,*,*,*,古代の機械戦車,アンティーク・ギアタンク,アンティーク・ギアタンク
古代の機械蘇生,,,1,名詞,一般,*,*,*,*,古代の機械蘇生,アンティーク・ギアリボーン,アンティーク・ギアリボーン
古代の機械熱核竜,,,1,名詞,一般,*,*,*,*,古代の機械熱核竜,アンティーク・ギア・リアクター・ドラゴン,アンティーク・ギア・リアクター・ドラゴン
古代の機械爆弾,,,1,名詞,一般,*,*,*,*,古代の機械爆弾,アンティーク・ギアボム,アンティーク・ギアボム
古代の機械箱,,,1,名詞,一般,*,*,*,*,古代の機械箱,アンティーク・ギアボックス,アンティーク・ギアボックス
古代の機械飛竜,,,1,名詞,一般,*,*,*,*,古代の機械飛竜,アンティーク・ギアワイバーン,アンティーク・ギアワイバーン
古代の機械兵士,,,1,名詞,一般,*,*,*,*,古代の機械兵士,アンティーク・ギアソルジャー,アンティーク・ギアソルジャー
古代の機械砲台,,,1,名詞,一般,*,*,*,*,古代の機械砲台,アンティーク・ギアキャノン,アンティーク・ギアキャノン
古代の機械魔神,,,1,名詞,一般,*,*,*,*,古代の機械魔神,アンティーク・ギア・デビル,アンティーク・ギア・デビル
古代の機械要塞,,,1,名詞,一般,*,*,*,*,古代の機械要塞,アンティーク・ギアフォートレス,アンティーク・ギアフォートレス
古代の機械猟犬,,,1,名詞,一般,*,*,*,*,古代の機械猟犬,アンティーク・ギアハウンドドッグ,アンティーク・ギアハウンドドッグ
古代の採掘機,,,1,名詞,一般,*,*,*,*,古代の採掘機,アンティーク・ギアドリル,アンティーク・ギアドリル
古代の歯車,,,1,名詞,一般,*,*,*,*,古代の歯車,アンティーク・ギア,アンティーク・ギア
古代の歯車機械,,,1,名詞,一般,*,*,*,*,古代の歯車機械,アンティーク・ギアガジェット,アンティーク・ギアガジェット
古代の整備場,,,1,名詞,一般,*,*,*,*,古代の整備場,アンティーク・ギアガレージ,アンティーク・ギアガレージ
古代遺跡の目覚め,,,1,名詞,一般,*,*,*,*,古代遺跡の目覚め,トラミッド・パルス,トラミッド・パルス
古狸三太夫,,,1,名詞,一般,*,*,*,*,古狸三太夫,フルダヌキサンダユウ,フルダヌキサンダユウ
虎王,,,1,名詞,一般,*,*,*,*,虎王,コオウ,コオウ
虎将,,,1,名詞,一般,*,*,*,*,虎将,コショウ,コショウ
虎鉄,,,1,名詞,一般,*,*,*,*,虎鉄,コテツ,コテツ
五光,,,1,名詞,一般,*,*,*,*,五光,ゴコウ,ゴコウ
五稜星,,,1,名詞,一般,*,*,*,*,五稜星,ゴリョウセイ,ゴリョウセイ
後に,,,1,名詞,一般,*,*,*,*,後に,ノチニ,ノチニ
御庭番,,,1,名詞,一般,*,*,*,*,御庭番,オニワバン,オニワバン
瑚之龍,,,1,名詞,一般,*,*,*,*,瑚之龍,コーラル・ドラゴン,コーラル・ドラゴン
誤作動,,,1,名詞,一般,*,*,*,*,誤作動,マルファンクション,マルファンクション
誤封,,,1,名詞,一般,*,*,*,*,誤封,ゴフウ,ゴフウ
護符,,,1,名詞,一般,*,*,*,*,護符,ゴフ,ゴフ
護封,,,1,名詞,一般,*,*,*,*,護封,ゴフウ,ゴフウ
護封壁,,,1,名詞,一般,*,*,*,*,護封壁,ゴフウヘキ,ゴフウヘキ
光と闇の竜,,,1,名詞,一般,*,*,*,*,光と闇の竜,ライトアンドダークネス・ドラゴン,ライトアンドダークネス・ドラゴン
光の角,,,1,名詞,一般,*,*,*,*,光の角,ヒカリノツノ,ヒカリノツノ
光牙,,,1,名詞,一般,*,*,*,*,光牙,コウガ,コウガ
光子化,,,1,名詞,一般,*,*,*,*,光子化,フォトナイズ,フォトナイズ
光子竜の聖騎士,,,1,名詞,一般,*,*,*,*,光子竜の聖騎士,ナイト・オブ・フォトンドラゴン,ナイト・オブ・フォトンドラゴン
光神,,,1,名詞,一般,*,*,*,*,光神,コウシン,コウシン
光神化,,,1,名詞,一般,*,*,*,*,光神化,コウシンカ,コウシンカ
光神機,,,1,名詞,一般,*,*,*,*,光神機,ライトニングギア,ライトニングギア
光堕天使,,,1,名詞,一般,*,*,*,*,光堕天使,アンホーリー・ライトニング,アンホーリー・ライトニング
光虫異変,,,1,名詞,一般,*,*,*,*,光虫異変,バグ・エマージェンシー,バグ・エマージェンシー
光虫基盤,,,1,名詞,一般,*,*,*,*,光虫基盤,バグ・マトリックス,バグ・マトリックス
光虫信号,,,1,名詞,一般,*,*,*,*,光虫信号,バグ・シグナル,バグ・シグナル
光帝,,,1,名詞,一般,*,*,*,*,光帝,コウテイ,コウテイ
光天使,,,1,名詞,一般,*,*,*,*,光天使,ホーリー・ライトニング,ホーリー・ライトニング
光波,,,1,名詞,一般,*,*,*,*,光波,サイファー,サイファー
光波異邦臣,,,1,名詞,一般,*,*,*,*,光波異邦臣,サイファー・エトランゼ,サイファー・エトランゼ
光波鏡騎士,,,1,名詞,一般,*,*,*,*,光波鏡騎士,サイファー・ミラーナイト,サイファー・ミラーナイト
光波昇華,,,1,名詞,一般,*,*,*,*,光波昇華,サイファー・アセンション,サイファー・アセンション
光波双顎機,,,1,名詞,一般,*,*,*,*,光波双顎機,サイファー・ツイン・ラプトル,サイファー・ツイン・ラプトル
光波分光,,,1,名詞,一般,*,*,*,*,光波分光,サイファー・スペクトラム,サイファー・スペクトラム
光波防輪,,,1,名詞,一般,*,*,*,*,光波防輪,サイファー・ビット,サイファー・ビット
光波翼機,,,1,名詞,一般,*,*,*,*,光波翼機,サイファー・ウィング,サイファー・ウィング
光竜星,,,1,名詞,一般,*,*,*,*,光竜星,コウリュウセイ,コウリュウセイ
光鱗,,,1,名詞,一般,*,*,*,*,光鱗,コウリン,コウリン
光霊,,,1,名詞,一般,*,*,*,*,光霊,コウレイ,コウレイ
光霊術-「聖」,,,-10000,名詞,一般,*,*,*,*,光霊術-「聖」,コウレイジュツ-「ヒジリ」,コウレイジュツ-「ヒジリ」
好敵手,,,1,名詞,一般,*,*,*,*,好敵手,トモ,トモ
攻通規制,,,1,名詞,一般,*,*,*,*,攻通規制,コウツウキセイ,コウツウキセイ
甲化鎧骨格,,,1,名詞,一般,*,*,*,*,甲化鎧骨格,インゼクトロン・パワード,インゼクトロン・パワード
甲虫装機,,,1,名詞,一般,*,*,*,*,甲虫装機,インゼクター,インゼクター
甲虫装機の宝珠,,,1,名詞,一般,*,*,*,*,甲虫装機の宝珠,インゼクターノオーブ,インゼクターノオーブ
甲虫装甲騎士,,,1,名詞,一般,*,*,*,*,甲虫装甲騎士,インセクトナイト,インセクトナイト
皇,,,1,名詞,一般,*,*,*,*,皇,オウ,オウ
紅炎,,,1,名詞,一般,*,*,*,*,紅炎,コウエン,コウエン
紅貴士,,,1,名詞,一般,*,*,*,*,紅貴士,エーデルリッター,エーデルリッター
紅血鬼,,,1,名詞,一般,*,*,*,*,紅血鬼,コウケツキ,コウケツキ
紅姫,,,1,名詞,一般,*,*,*,*,紅姫,アキ,アキ
紅葉に鹿,,,1,名詞,一般,*,*,*,*,紅葉に鹿,モミジニシカ,モミジニシカ
紅陽鳥,,,1,名詞,一般,*,*,*,*,紅陽鳥,コウヨウチョウ,コウヨウチョウ
荒ぶる,,,1,名詞,一般,*,*,*,*,荒ぶる,アラブル,アラブル
荒魂,,,1,名詞,一般,*,*,*,*,荒魂,アラタマ,アラタマ
荒野,,,1,名詞,一般,*,*,*,*,荒野,コウヤ,コウヤ
荒鷲激神爪,,,1,名詞,一般,*,*,*,*,荒鷲激神爪,イーグル・クロー,イーグル・クロー
鋼核,,,1,名詞,一般,*,*,*,*,鋼核,コウカク,コウカク
鋼核初期化,,,1,名詞,一般,*,*,*,*,鋼核初期化,コアキメイル・イニシャライズ,コアキメイル・イニシャライズ
降雷,,,1,名詞,一般,*,*,*,*,降雷,コウライ,コウライ
降竜,,,1,名詞,一般,*,*,*,*,降竜,コウリュウ,コウリュウ
降霊,,,1,名詞,一般,*,*,*,*,降霊,コウレイ,コウレイ
高等紋章術,,,1,名詞,一般,*,*,*,*,高等紋章術,ハイ・メダリオン・アーツ,ハイ・メダリオン・アーツ
剛火,,,1,名詞,一般,*,*,*,*,剛火,ゴウカ,ゴウカ
剛角笛,,,1,名詞,一般,*,*,*,*,剛角笛,グレイトホーン,グレイトホーン
剛鬼,,,1,名詞,一般,*,*,*,*,剛鬼,ゴウキ,ゴウキ
剛地帝,,,1,名詞,一般,*,*,*,*,剛地帝,ゴウチテイ,ゴウチテイ
剛竜剣士,,,1,名詞,一般,*,*,*,*,剛竜剣士,ゴウリュウケンシ,ゴウリュウケンシ
合神竜,,,1,名詞,一般,*,*,*,*,合神竜,ガッシンリュウ,ガッシンリュウ
豪腕,,,1,名詞,一般,*,*,*,*,豪腕,ゴウワン,ゴウワン
轟きの大海蛇,,,1,名詞,一般,*,*,*,*,轟きの大海蛇,トドロキノオオウミヘビ,トドロキノオオウミヘビ
轟毅,,,1,名詞,一般,*,*,*,*,轟毅,ゴウキ,ゴウキ
轟雷帝,,,1,名詞,一般,*,*,*,*,轟雷帝,ゴウライテイ,ゴウライテイ
轟龍,,,1,名詞,一般,*,*,*,*,轟龍,ゴウリュウ,ゴウリュウ
轟咆,,,1,名詞,一般,*,*,*,*,轟咆,ゴウホウ,ゴウホウ
刻の封印,,,1,名詞,一般,*,*,*,*,刻の封印,トキノフウイン,トキノフウイン
刻剣,,,1,名詞,一般,*,*,*,*,刻剣,コッケン,コッケン
黒・爆・裂・破・魔・導,,,1,名詞,一般,*,*,*,*,黒・爆・裂・破・魔・導,ブラック・バーニング・マジック,ブラック・バーニング・マジック
黒・魔・導,,,1,名詞,一般,*,*,*,*,黒・魔・導,ブラック・マジック,ブラック・マジック
黒・魔・導・爆・裂・破,,,1,名詞,一般,*,*,*,*,黒・魔・導・爆・裂・破,ブラック・バーニング,ブラック・バーニング
黒いペンダント,,,1,名詞,一般,*,*,*,*,黒いペンダント,ブラック・ペンダント,ブラック・ペンダント
黒い影の鬼王,,,1,名詞,一般,*,*,*,*,黒い影の鬼王,クロイカゲノオーガ,クロイカゲノオーガ
黒い忍者,,,1,名詞,一般,*,*,*,*,黒い忍者,ブラックニンジャ,ブラックニンジャ
黒の魔法神官,,,1,名詞,一般,*,*,*,*,黒の魔法神官,マジック・ハイエロファント・オブ・ブラック,マジック・ハイエロファント・オブ・ブラック
黒羽,,,1,名詞,一般,*,*,*,*,黒羽,クロハネ,クロハネ
黒羽を狩る者,,,1,名詞,一般,*,*,*,*,黒羽を狩る者,ダークネス・ハンター,ダークネス・ハンター
黒炎,,,1,名詞,一般,*,*,*,*,黒炎,コクエン,コクエン
黒炎弾,,,1,名詞,一般,*,*,*,*,黒炎弾,コクエンダン,コクエンダン
黒牙,,,1,名詞,一般,*,*,*,*,黒牙,コクガ,コクガ
黒角笛,,,1,名詞,一般,*,*,*,*,黒角笛,ブラックホーン,ブラックホーン
黒鋼竜,,,1,名詞,一般,*,*,*,*,黒鋼竜,ブラックメタルドラゴン,ブラックメタルドラゴン
黒蛇病,,,1,名詞,一般,*,*,*,*,黒蛇病,コクジャビョウ,コクジャビョウ
黒帯,,,1,名詞,一般,*,*,*,*,黒帯,クロオビ,クロオビ
黒白,,,1,名詞,一般,*,*,*,*,黒白,コクビャク,コクビャク
黒魔導の執行官,,,1,名詞,一般,*,*,*,*,黒魔導の執行官,ブラック・エクスキューショナー,ブラック・エクスキューショナー
黒魔導強化,,,1,名詞,一般,*,*,*,*,黒魔導強化,マジック・エクスパンド,マジック・エクスパンド
黒曜岩竜,,,1,名詞,一般,*,*,*,*,黒曜岩竜,コクヨウガンリュウ,コクヨウガンリュウ
黒翼,,,1,名詞,一般,*,*,*,*,黒翼,コクヨク,コクヨク
黒竜,,,10,名詞,一般,*,*,*,*,黒竜,コクリュウ,コクリュウ
黒竜の聖騎士,,,-10000,名詞,一般,*,*,*,*,黒竜の聖騎士,ナイト・オブ・ブラックドラゴン,ナイト・オブ・ブラックドラゴン
黒薔薇の魔女,,,1,名詞,一般,*,*,*,*,黒薔薇の魔女,ブラックローズウィッチ,ブラックローズウィッチ
黒蠍,,,1,名詞,一般,*,*,*,*,黒蠍,クロサソリ,クロサソリ
獄落鳥,,,1,名詞,一般,*,*,*,*,獄落鳥,ゴクラクチョウ,ゴクラクチョウ
骨の塔,,,1,名詞,一般,*,*,*,*,骨の塔,ボーンタワー,ボーンタワー
骨犬,,,1,名詞,一般,*,*,*,*,骨犬,スカルドッグ,スカルドッグ
昆虫人間,,,1,名詞,一般,*,*,*,*,昆虫人間,ベーシック・インセクト,ベーシック・インセクト
混沌の場,,,1,名詞,一般,*,*,*,*,混沌の場,カオス・フィールド,カオス・フィールド
混沌の落とし穴,,,1,名詞,一般,*,*,*,*,混沌の落とし穴,カオス・ホール,カオス・ホール
混沌球体,,,1,名詞,一般,*,*,*,*,混沌球体,スフィア・オブ・カオス,スフィア・オブ・カオス
混沌空間,,,1,名詞,一般,*,*,*,*,混沌空間,カオス・ゾーン,カオス・ゾーン
混沌帝龍,,,1,名詞,一般,*,*,*,*,混沌帝龍,カオス・エンペラー・ドラゴン,カオス・エンペラー・ドラゴン
魂喰い,,,1,名詞,一般,*,*,*,*,魂喰い,タマグイ,タマグイ
魂喰らい,,,1,名詞,一般,*,*,*,*,魂喰らい,タマグライ,タマグライ
魂源への影劫回帰,,,1,名詞,一般,*,*,*,*,魂源への影劫回帰,プルシャドール・アイオーン,プルシャドール・アイオーン
魂虎,,,1,名詞,一般,*,*,*,*,魂虎,ソウル・タイガー,ソウル・タイガー
魂写しの同化,,,1,名詞,一般,*,*,*,*,魂写しの同化,ネフェシャドール・フュージョン,ネフェシャドール・フュージョン
魂食神龍,,,1,名詞,一般,*,*,*,*,魂食神龍,コンジキシンリュウ,コンジキシンリュウ
魂粉砕,,,1,名詞,一般,*,*,*,*,魂粉砕,ソウル・クラッシュ,ソウル・クラッシュ
魂魄傀儡鬼,,,1,名詞,一般,*,*,*,*,魂魄傀儡鬼,コンバククグツキ,コンバククグツキ
魂魄傀儡鬼神,,,1,名詞,一般,*,*,*,*,魂魄傀儡鬼神,コンバククグツキシン,コンバククグツキシン
左鎌神柱,,,1,名詞,一般,*,*,*,*,左鎌神柱,サレンシンチュウ,サレンシンチュウ
左腕,,,1,名詞,一般,*,*,*,*,左腕,ヒダリウデ,ヒダリウデ
砂の魔女,,,1,名詞,一般,*,*,*,*,砂の魔女,サンド・ウィッチ,サンド・ウィッチ
砂バク,,,1,名詞,一般,*,*,*,*,砂バク,サバク,サバク
砂漠の守護者,,,1,名詞,一般,*,*,*,*,砂漠の守護者,デザート・ガードナー,デザート・ガードナー
鎖付き爆弾,,,1,名詞,一般,*,*,*,*,鎖付き爆弾,クサリツキダイナマイト,クサリツキダイナマイト
再転,,,1,名詞,一般,*,*,*,*,再転,サイコロ,サイコロ
再練成,,,1,名詞,一般,*,*,*,*,再練成,サイレンセイ,サイレンセイ
最古式念導,,,1,名詞,一般,*,*,*,*,最古式念導,サイコシキネンドウ,サイコシキネンドウ
裁きの龍,,,1,名詞,一般,*,*,*,*,裁きの龍,ジャッジメント・ドラグーン,ジャッジメント・ドラグーン
桜火,,,1,名詞,一般,*,*,*,*,桜火,オウカ,オウカ
桜姫,,,1,名詞,一般,*,*,*,*,桜姫,オウヒ,オウヒ
札再生,,,1,名詞,一般,*,*,*,*,札再生,フダサイセイ,フダサイセイ
殺炎星,,,1,名詞,一般,*,*,*,*,殺炎星,サツエンセイ,サツエンセイ
三ツ首,,,1,名詞,一般,*,*,*,*,三ツ首,ミツクビ,ミツクビ
三つ目,,,1,名詞,一般,*,*,*,*,三つ目,ミツメ,ミツメ
三位一択,,,1,名詞,一般,*,*,*,*,三位一択,サンミイッタク,サンミイッタク
三段衝,,,1,名詞,一般,*,*,*,*,三段衝,サンダンショウ,サンダンショウ
参壱参,,,1,名詞,一般,*,*,*,*,参壱参,サイザン,サイザン
参参九,,,1,名詞,一般,*,*,*,*,参参九,サザンク,サザンク
讃頌,,,1,名詞,一般,*,*,*,*,讃頌,サンショウ,サンショウ
斬鬼,,,1,名詞,一般,*,*,*,*,斬鬼,ザンキ,ザンキ
仔羊,,,1,名詞,一般,*,*,*,*,仔羊,コヒツジ,コヒツジ
使い,,,1,名詞,一般,*,*,*,*,使い,ツカイ,ツカイ
使い手,,,1,名詞,一般,*,*,*,*,使い手,ツカイテ,ツカイテ
四次元,,,1,名詞,一般,*,*,*,*,四次元,ヨジゲン,ヨジゲン
四面獣,,,1,名詞,一般,*,*,*,*,四面獣,シメンジュウ,シメンジュウ
始源,,,1,名詞,一般,*,*,*,*,始源,シゲン,シゲン
子狸,,,1,名詞,一般,*,*,*,*,子狸,コダヌキ,コダヌキ
屍,,,1,名詞,一般,*,*,*,*,屍,シカバネ,シカバネ
死のメッセージ,,,1,名詞,一般,*,*,*,*,死のメッセージ,シノメッセージ,シノメッセージ
死の演算盤,,,1,名詞,一般,*,*,*,*,死の演算盤,デス・カリキュレーター,デス・カリキュレーター
死の合唱,,,1,名詞,一般,*,*,*,*,死の合唱,デスコーラス,デスコーラス
死の木馬,,,1,名詞,一般,*,*,*,*,死の木馬,デス・トロイ,デス・トロイ
死偉王,,,1,名詞,一般,*,*,*,*,死偉王,シイオウ,シイオウ
紫炎,,,1,名詞,一般,*,*,*,*,紫炎,シエン,シエン
紫光の宣告者,,,1,名詞,一般,*,*,*,*,紫光の宣告者,バイオレット・デクレアラー,バイオレット・デクレアラー
紫毒,,,1,名詞,一般,*,*,*,*,紫毒,シドク,シドク
紫龍,,,1,名詞,一般,*,*,*,*,紫龍,シリュウ,シリュウ
至高の木の実,,,1,名詞,一般,*,*,*,*,至高の木の実,スプレマシー・ベリー,スプレマシー・ベリー
試着部屋,,,1,名詞,一般,*,*,*,*,試着部屋,シチャクベヤ,シチャクベヤ
賜与,,,1,名詞,一般,*,*,*,*,賜与,シヨ,シヨ
歯車街,,,1,名詞,一般,*,*,*,*,歯車街,ギア・タウン,ギア・タウン
慈悲深き,,,1,名詞,一般,*,*,*,*,慈悲深き,ジヒブカキ,ジヒブカキ
時械神,,,1,名詞,一般,*,*,*,*,時械神,ジカイシン,ジカイシン
時空混沌渦,,,1,名詞,一般,*,*,*,*,時空混沌渦,タキオン・カオス・ホール,タキオン・カオス・ホール
次元合成師,,,1,名詞,一般,*,*,*,*,次元合成師,ディメンション・ケミストリー,ディメンション・ケミストリー
璽律する,,,1,名詞,一般,*,*,*,*,璽律する,ジリツスル,ジリツスル
磁石の戦士,,,1,名詞,一般,*,*,*,*,磁石の戦士,ジシャクノセンシ,ジシャクノセンシ
磁石の戦士α,,,1,名詞,一般,*,*,*,*,磁石の戦士α,マグネット・ウォリアー・アルファ,マグネット・ウォリアー・アルファ
磁石の戦士β,,,1,名詞,一般,*,*,*,*,磁石の戦士β,マグネット・ウォリアー・ベータ,マグネット・ウォリアー・ベータ
磁石の戦士γ,,,1,名詞,一般,*,*,*,*,磁石の戦士γ,マグネット・ウォリアー・ガンマ,マグネット・ウォリアー・ガンマ
磁石の戦士δ,,,1,名詞,一般,*,*,*,*,磁石の戦士δ,マグネット・ウォリアー・デルタ,マグネット・ウォリアー・デルタ
磁力の召喚円,,,1,名詞,一般,*,*,*,*,磁力の召喚円,マグネットサークス,マグネットサークス
七皇の剣,,,1,名詞,一般,*,*,*,*,七皇の剣,ザ・セブンス・ワン,ザ・セブンス・ワン
七七四九,,,1,名詞,一般,*,*,*,*,七七四九,ナナシック,ナナシック
七星,,,1,名詞,一般,*,*,*,*,七星,シチセイ,シチセイ
執念の剣,,,1,名詞,一般,*,*,*,*,執念の剣,シュウネンノツルギ,シュウネンノツルギ
漆黒の闘龍,,,1,名詞,一般,*,*,*,*,漆黒の闘龍,シッコクノドラゴン,シッコクノドラゴン
漆黒の魔王,,,1,名詞,一般,*,*,*,*,漆黒の魔王,ダーク・ルシアス,ダーク・ルシアス
実張り,,,1,名詞,一般,*,*,*,*,実張り,ミハリ,ミハリ
柴炎,,,1,名詞,一般,*,*,*,*,柴炎,シエン,シエン
写魂鏡,,,1,名詞,一般,*,*,*,*,写魂鏡,シャコンキョウ,シャコンキョウ
蛇神,,,1,名詞,一般,*,*,*,*,蛇神,ジャシン,ジャシン
邪,,,1,名詞,一般,*,*,*,*,邪,ジャ,ジャ
邪悪霊,,,1,名詞,一般,*,*,*,*,邪悪霊,ダーク・スピリット,ダーク・スピリット
邪神機,,,1,名詞,一般,*,*,*,*,邪神機,ダークネスギア,ダークネスギア
邪帝,,,1,名詞,一般,*,*,*,*,邪帝,ジャテイ,ジャテイ
邪狼,,,1,名詞,一般,*,*,*,*,邪狼,ジャロウ,ジャロウ
借カラクリ整備蔵,,,1,名詞,一般,*,*,*,*,借カラクリ整備蔵,カリカラクリセイビクラ,カリカラクリセイビクラ
借カラクリ蔵,,,1,名詞,一般,*,*,*,*,借カラクリ蔵,カリカラクリクラ,カリカラクリクラ
灼岩,,,1,名詞,一般,*,*,*,*,灼岩,シャクガン,シャクガン
寂々虫,,,1,名詞,一般,*,*,*,*,寂々虫,ジャクジャクムシ,ジャクジャクムシ
守り手,,,1,名詞,一般,*,*,*,*,守り手,マモリテ,マモリテ
守護者スフィンクス,,,1,名詞,一般,*,*,*,*,守護者スフィンクス,ガーディアンスフィンクス,ガーディアンスフィンクス
守護天使,,,1,名詞,一般,*,*,*,*,守護天使,ガーディアンエンジェル,ガーディアンエンジェル
守神,,,1,名詞,一般,*,*,*,*,守神,モリガミ,モリガミ
手違い,,,1,名詞,一般,*,*,*,*,手違い,ミステイク,ミステイク
手甲,,,1,名詞,一般,*,*,*,*,手甲,ガントレット,ガントレット
手札,,,1,名詞,一般,*,*,*,*,手札,テフダ,テフダ
手錠龍,,,1,名詞,一般,*,*,*,*,手錠龍,ワッパー・ドラゴン,ワッパー・ドラゴン
朱い,,,1,名詞,一般,*,*,*,*,朱い,アカイ,アカイ
朱光の宣告者,,,1,名詞,一般,*,*,*,*,朱光の宣告者,バーミリオン・デクレアラー,バーミリオン・デクレアラー
狩人,,,1,名詞,一般,*,*,*,*,狩人,カリウド,カリウド
酒呑童子,,,1,名詞,一般,*,*,*,*,酒呑童子,シュテンドウジ,シュテンドウジ
首狩り魔人,,,1,名詞,一般,*,*,*,*,首狩り魔人,ネック・ハンター,ネック・ハンター
首領,,,1,名詞,一般,*,*,*,*,首領,ドン,ドン
首領亀,,,1,名詞,一般,*,*,*,*,首領亀,ドンガメ,ドンガメ
呪印,,,1,名詞,一般,*,*,*,*,呪印,ジュイン,ジュイン
呪血王,,,1,名詞,一般,*,*,*,*,呪血王,ジュケツオウ,ジュケツオウ
呪言,,,1,名詞,一般,*,*,*,*,呪言,ジュゴン,ジュゴン
呪魂,,,1,名詞,一般,*,*,*,*,呪魂,ジュコン,ジュコン
呪符竜,,,1,名詞,一般,*,*,*,*,呪符竜,アミュレット・ドラゴン,アミュレット・ドラゴン
呪文書,,,1,名詞,一般,*,*,*,*,呪文書,ジュモンショ,ジュモンショ
樹海の射手,,,1,名詞,一般,*,*,*,*,樹海の射手,ウッドランド・アーチャー,ウッドランド・アーチャー
修禅僧,,,1,名詞,一般,*,*,*,*,修禅僧,シュゼンソウ,シュゼンソウ
修道女,,,1,名詞,一般,*,*,*,*,修道女,シュウドウジョ,シュウドウジョ
終焉の精霊,,,1,名詞,一般,*,*,*,*,終焉の精霊,ジ・エンド・スピリッツ,ジ・エンド・スピリッツ
充電器,,,1,名詞,一般,*,*,*,*,充電器,バッテリーチャージャー,バッテリーチャージャー
充電池メン,,,1,名詞,一般,*,*,*,*,充電池メン,ジュウデンチメン,ジュウデンチメン
十二獣,,,1,名詞,一般,*,*,*,*,十二獣,ジュウニシシ,ジュウニシシ
従騎,,,1,名詞,一般,*,*,*,*,従騎,ジュウキ,ジュウキ
渋い忍者,,,1,名詞,一般,*,*,*,*,渋い忍者,シルバーニンジャ,シルバーニンジャ
獣王獅子武装,,,1,名詞,一般,*,*,*,*,獣王獅子武装,ライオ・アームズ,ライオ・アームズ
獣神,,,1,名詞,一般,*,*,*,*,獣神,ジュウシン,ジュウシン
獣神機王,,,1,名詞,一般,*,*,*,*,獣神機王,ジュウシンキオウ,ジュウシンキオウ
獣人,,,1,名詞,一般,*,*,*,*,獣人,ジュウジン,ジュウジン
獣竜騎兵,,,1,名詞,一般,*,*,*,*,獣竜騎兵,ジュウリュウキヘイ,ジュウリュウキヘイ
重機貨列車,,,1,名詞,一般,*,*,*,*,重機貨列車,ジュウキカレッシャ,ジュウキカレッシャ
重装光学撮影機,,,1,名詞,一般,*,*,*,*,重装光学撮影機,フルメタル・フォトグライド,フルメタル・フォトグライド
重爆撃禽,,,1,名詞,一般,*,*,*,*,重爆撃禽,ジュウバクゲキン,ジュウバクゲキン
重錬装融合,,,1,名詞,一般,*,*,*,*,重錬装融合,フルメタルフォーゼ・フュージョン,フルメタルフォーゼ・フュージョン
銃士,,,1,名詞,一般,*,*,*,*,銃士,ジュウシ,ジュウシ
出でし,,,1,名詞,一般,*,*,*,*,出でし,いでし,いでし
出目出し,,,1,名詞,一般,*,*,*,*,出目出し,ダメダシ,ダメダシ
瞬着,,,1,名詞,一般,*,*,*,*,瞬着,シュンチャク,シュンチャク
盾航戦車,,,1,名詞,一般,*,*,*,*,盾航戦車,ジュンコウセンシャ,ジュンコウセンシャ
巡死神,,,1,名詞,一般,*,*,*,*,巡死神,ピルグリム,ピルグリム
処刑人,,,1,名詞,一般,*,*,*,*,処刑人,ショケイニン,ショケイニン
女暗殺者,,,1,名詞,一般,*,*,*,*,女暗殺者,オンナアンサツシャ,オンナアンサツシャ
女騎士,,,1,名詞,一般,*,*,*,*,女騎士,オンナキシ,オンナキシ
女剣士,,,1,名詞,一般,*,*,*,*,女剣士,オンナケンシ,オンナケンシ
女邪神,,,1,名詞,一般,*,*,*,*,女邪神,メジャシン,メジャシン
女守護兵,,,1,名詞,一般,*,*,*,*,女守護兵,オンナシュゴヘイ,オンナシュゴヘイ
女戦士,,,1,名詞,一般,*,*,*,*,女戦士,オンナセンシ,オンナセンシ
女帝,,,1,名詞,一般,*,*,*,*,女帝,ジョテイ,ジョテイ
女忍者,,,1,名詞,一般,*,*,*,*,女忍者,オンナニンジャ,オンナニンジャ
女豹の傭兵,,,1,名詞,一般,*,*,*,*,女豹の傭兵,レディパンサー,レディパンサー
傷炎星,,,1,名詞,一般,*,*,*,*,傷炎星,ショウエンセイ,ショウエンセイ
召喚雲,,,1,名詞,一般,*,*,*,*,召喚雲,サモンクラウド,サモンクラウド
召喚獣,,,1,名詞,一般,*,*,*,*,召喚獣,ショウカンジュウ,ショウカンジュウ
召魔装着,,,1,名詞,一般,*,*,*,*,召魔装着,ショウマソウチャク,ショウマソウチャク
小人,,,1,名詞,一般,*,*,*,*,小人,コビト,コビト
小判竜,,,1,名詞,一般,*,*,*,*,小判竜,ドラゴ・リモーラ,ドラゴ・リモーラ
小野道風,,,1,名詞,一般,*,*,*,*,小野道風,オノノミチカゼ,オノノミチカゼ
捷炎星,,,1,名詞,一般,*,*,*,*,捷炎星,ショウエンセイ,ショウエンセイ
昇華する紋章,,,1,名詞,一般,*,*,*,*,昇華する紋章,オーグメント・メダリオン,オーグメント・メダリオン
昇竜剣士,,,1,名詞,一般,*,*,*,*,昇竜剣士,ショウリュウケンシ,ショウリュウケンシ
昇霊術師,,,1,名詞,一般,*,*,*,*,昇霊術師,ショウレイジュツシ,ショウレイジュツシ
消華,,,1,名詞,一般,*,*,*,*,消華,ショウカ,ショウカ
焼肉定食,,,1,名詞,一般,*,*,*,*,焼肉定食,ヤキニクテイショク,ヤキニクテイショク
色の支配者,,,1,名詞,一般,*,*,*,*,色の支配者,イロノシハイシャ,イロノシハイシャ
侵喰,,,1,名詞,一般,*,*,*,*,侵喰,シンショク,シンショク
侵略の,,,1,名詞,一般,*,*,*,*,侵略の,シンリャクノ,シンリャクノ
侵略の炎,,,1,名詞,一般,*,*,*,*,侵略の炎,シンリャクノホノオ,シンリャクノホノオ
審神者,,,1,名詞,一般,*,*,*,*,審神者,サニワ,サニワ
心鎮壷,,,1,名詞,一般,*,*,*,*,心鎮壷,シン・ツェン・フー,シン・ツェン・フー
振り子刃,,,1,名詞,一般,*,*,*,*,振り子刃,フリコヤイバ,フリコヤイバ
森羅,,,1,名詞,一般,*,*,*,*,森羅,シンラ,シンラ
浸渦,,,1,名詞,一般,*,*,*,*,浸渦,シンカ,シンカ
深怨,,,1,名詞,一般,*,*,*,*,深怨,シンエン,シンエン
深海の怒り,,,1,名詞,一般,*,*,*,*,深海の怒り,レイジ・オブ・ディープシー,レイジ・オブ・ディープシー
深海竜,,,1,名詞,一般,*,*,*,*,深海竜,シンカイリュウ,シンカイリュウ
深黒,,,1,名詞,一般,*,*,*,*,深黒,シンコク,シンコク
深淵の暗殺者,,,1,名詞,一般,*,*,*,*,深淵の暗殺者,ナイト・アサシン,ナイト・アサシン
真,,,1,名詞,一般,*,*,*,*,真,シン,シン
真九六,,,1,名詞,一般,*,*,*,*,真九六,シンクロー,シンクロー
真紅眼の闇竜,,,1,名詞,一般,*,*,*,*,真紅眼の闇竜,レッドアイズ・ダークネスドラゴン,レッドアイズ・ダークネスドラゴン
真紅眼の鎧旋,,,1,名詞,一般,*,*,*,*,真紅眼の鎧旋,リターン・オブ・レッドアイズ,リターン・オブ・レッドアイズ
真紅眼の凶星竜,,,1,名詞,一般,*,*,*,*,真紅眼の凶星竜,レッドアイズのキョウセイリュウ,レッドアイズのキョウセイリュウ
真紅眼の凶雷皇,,,1,名詞,一般,*,*,*,*,真紅眼の凶雷皇,レッドアイズ・ライトニング・ロード,レッドアイズ・ライトニング・ロード
真紅眼の鋼炎竜,,,1,名詞,一般,*,*,*,*,真紅眼の鋼炎竜,レッドアイズ・フレアメタルドラゴン,レッドアイズ・フレアメタルドラゴン
真紅眼の黒炎竜,,,1,名詞,一般,*,*,*,*,真紅眼の黒炎竜,レッドアイズ・ブラックフレアドラゴン,レッドアイズ・ブラックフレアドラゴン
真紅眼の黒竜,,,1,名詞,一般,*,*,*,*,真紅眼の黒竜,レッドアイズ・ブラックドラゴン,レッドアイズ・ブラックドラゴン
真紅眼の黒竜剣,,,1,名詞,一般,*,*,*,*,真紅眼の黒竜剣,レッドアイズ・ブラックドラゴン・ソード,レッドアイズ・ブラックドラゴン・ソード
真紅眼の遡刻竜,,,1,名詞,一般,*,*,*,*,真紅眼の遡刻竜,レッドアイズ・トレーサードラゴン,レッドアイズ・トレーサードラゴン
真紅眼の飛竜,,,1,名詞,一般,*,*,*,*,真紅眼の飛竜,レッドアイズ・ワイバーン,レッドアイズ・ワイバーン
真紅眼の不死竜,,,1,名詞,一般,*,*,*,*,真紅眼の不死竜,レッドアイズ・アンデットドラゴン,レッドアイズ・アンデットドラゴン
真紅眼融合,,,1,名詞,一般,*,*,*,*,真紅眼融合,レッドアイズ・フュージョン,レッドアイズ・フュージョン
真青眼の究極竜,,,1,名詞,一般,*,*,*,*,真青眼の究極竜,ネオ・ブルーアイズ・アルティメットドラゴン,ネオ・ブルーアイズ・アルティメットドラゴン
真相,,,1,名詞,一般,*,*,*,*,真相,シンソウ,シンソウ
真竜,,,1,名詞,一般,*,*,*,*,真竜,シンリュウ,シンリュウ
真竜騎将ドライアスIII世,,,1,名詞,一般,*,*,*,*,真竜騎将ドライアスIII世,シンリュウキショウドライアスサンセイ,シンリュウキショウドライアスサンセイ
真竜剣皇マスターP,,,1,名詞,一般,*,*,*,*,真竜剣皇マスターP,シンリュウケンオウマスターピース,シンリュウケンオウマスターピース
真竜剣士マスターP,,,1,名詞,一般,*,*,*,*,真竜剣士マスターP,シンリュウケンシマスターピース,シンリュウケンシマスターピース
真竜拳士ダイナマイトK,,,1,名詞,一般,*,*,*,*,真竜拳士ダイナマイトK,シンリュウケンシダイナマイトナックル,シンリュウケンシダイナマイトナックル
真竜皇,,,1,名詞,一般,*,*,*,*,真竜皇,シンリュウオウ,シンリュウオウ
真竜戦士イグニスH,,,1,名詞,一般,*,*,*,*,真竜戦士イグニスH,シンリュウセンシイグニスヒート,シンリュウセンシイグニスヒート
真竜導士マジェスティM,,,1,名詞,一般,*,*,*,*,真竜導士マジェスティM,シンリュウドウシマジェスティメイデン,シンリュウドウシマジェスティメイデン
真竜凰,,,1,名詞,一般,*,*,*,*,真竜凰,シンリュウオウ,シンリュウオウ
神の写し身との接触,,,1,名詞,一般,*,*,*,*,神の写し身との接触,エルシャドール・フュージョン,エルシャドール・フュージョン
神影龍,,,1,名詞,一般,*,*,*,*,神影龍,シンエイリュウ,シンエイリュウ
神炎,,,1,名詞,一般,*,*,*,*,神炎,シンエン,シンエン
神芽,,,1,名詞,一般,*,*,*,*,神芽,シンメ,シンメ
神海竜,,,1,名詞,一般,*,*,*,*,神海竜,シンカイリュウ,シンカイリュウ
神機王,,,1,名詞,一般,*,*,*,*,神機王,シンキオウ,シンキオウ
神騎,,,1,名詞,一般,*,*,*,*,神騎,シンキ,シンキ
神魚,,,1,名詞,一般,*,*,*,*,神魚,シンギョ,シンギョ
神禽王,,,1,名詞,一般,*,*,*,*,神禽王,シンキンオウ,シンキンオウ
神喰,,,1,名詞,一般,*,*,*,*,神喰,シンショク,シンショク
神撃,,,1,名詞,一般,*,*,*,*,神撃,シンゲキ,シンゲキ
神光の宣告者,,,1,名詞,一般,*,*,*,*,神光の宣告者,パーフェクト・デクレアラー,パーフェクト・デクレアラー
神樹,,,1,名詞,一般,*,*,*,*,神樹,シンジュ,シンジュ
神獣王,,,1,名詞,一般,*,*,*,*,神獣王,シンジュウオウ,シンジュウオウ
神々,,,1,名詞,一般,*,*,*,*,神々,カミガミ,カミガミ
神星なる,,,1,名詞,一般,*,*,*,*,神星なる,シンセイナル,シンセイナル
神星なる領域,,,1,名詞,一般,*,*,*,*,神星なる領域,セイクリッド・ベルト,セイクリッド・ベルト
神星樹,,,1,名詞,一般,*,*,*,*,神星樹,シンセイジュ,シンセイジュ
神精霊,,,1,名詞,一般,*,*,*,*,神精霊,シンショウレイ,シンショウレイ
神聖,,,1,名詞,一般,*,*,*,*,神聖,シンセイ,シンセイ
神聖なる球体,,,1,名詞,一般,*,*,*,*,神聖なる球体,ホーリーシャイン・ボール,ホーリーシャイン・ボール
神聖なる魂,,,1,名詞,一般,*,*,*,*,神聖なる魂,ホーリーシャイン・ソウル,ホーリーシャイン・ソウル
神聖なる森,,,1,名詞,一般,*,*,*,*,神聖なる森,スピリチュアル・フォレスト,スピリチュアル・フォレスト
神聖騎士,,,1,名詞,一般,*,*,*,*,神聖騎士,ホーリーナイト,ホーリーナイト
神槍,,,1,名詞,一般,*,*,*,*,神槍,シンソウ,シンソウ
神鳥,,,1,名詞,一般,*,*,*,*,神鳥,シンチョウ,シンチョウ
神判,,,1,名詞,一般,*,*,*,*,神判,シンパン,シンパン
神風,,,1,名詞,一般,*,*,*,*,神風,シンプウ,シンプウ
神立のオニマル,,,1,名詞,一般,*,*,*,*,神立のオニマル,ガンダチノオニマル,ガンダチノオニマル
神竜,,,1,名詞,一般,*,*,*,*,神竜,シンリュウ,シンリュウ
神龍,,,1,名詞,一般,*,*,*,*,神龍,シンリュウ,シンリュウ
神裔,,,1,名詞,一般,*,*,*,*,神裔,シンエイ,シンエイ
身剣一体,,,1,名詞,一般,*,*,*,*,身剣一体,シンケンイッタイ,シンケンイッタイ
進化合獣,,,1,名詞,一般,*,*,*,*,進化合獣,シンカゴウジュウ,シンカゴウジュウ
針三千本,,,1,名詞,一般,*,*,*,*,針三千本,スリーサウザンド・ニードル,スリーサウザンド・ニードル
針千本,,,1,名詞,一般,*,*,*,*,針千本,サウザンド・ニードル,サウザンド・ニードル
針虫,,,1,名詞,一般,*,*,*,*,針虫,ハリムシ,ハリムシ
針二千本,,,1,名詞,一般,*,*,*,*,針二千本,ツーサウザンド・ニードル,ツーサウザンド・ニードル
人造人間,,,1,名詞,一般,*,*,*,*,人造人間,ジンゾウニンゲン,ジンゾウニンゲン
人造天使,,,1,名詞,一般,*,*,*,*,人造天使,シンセティック・エンジェル,シンセティック・エンジェル
垂直着陸,,,1,名詞,一般,*,*,*,*,垂直着陸,ヴァーティカル・ランディング,ヴァーティカル・ランディング
水晶機巧,,,1,名詞,一般,*,*,*,*,水晶機巧,クリストロン,クリストロン
水照明,,,1,名詞,一般,*,*,*,*,水照明,アクアリウム・ライティング,アクアリウム・ライティング
水征竜,,,1,名詞,一般,*,*,*,*,水征竜,スイセイリュウ,スイセイリュウ
水精鱗,,,1,名詞,一般,*,*,*,*,水精鱗,マーメイル,マーメイル
水遁,,,1,名詞,一般,*,*,*,*,水遁,スイトン,スイトン
水舞台,,,1,名詞,一般,*,*,*,*,水舞台,アクアリウム・ステージ,アクアリウム・ステージ
水舞台装置,,,1,名詞,一般,*,*,*,*,水舞台装置,アクアリウム・セット,アクアリウム・セット
水物語,,,1,名詞,一般,*,*,*,*,水物語,アクア・ストーリー,アクア・ストーリー
水面,,,1,名詞,一般,*,*,*,*,水面,ミナモ,ミナモ
水竜星,,,1,名詞,一般,*,*,*,*,水竜星,スイリュウセイ,スイリュウセイ
水霊,,,1,名詞,一般,*,*,*,*,水霊,スイレイ,スイレイ
崇光なる宣告者,,,1,名詞,一般,*,*,*,*,崇光なる宣告者,アルティメット・デクレアラー,アルティメット・デクレアラー
成金忍者,,,1,名詞,一般,*,*,*,*,成金忍者,ゴールドニンジャ,ゴールドニンジャ
星遺物,,,1,名詞,一般,*,*,*,*,星遺物,セイイブツ,セイイブツ
星因士,,,1,名詞,一般,*,*,*,*,星因士,サテラナイト,サテラナイト
星間竜,,,1,名詞,一般,*,*,*,*,星間竜,セイカンリュウ,セイカンリュウ
星輝士,,,1,名詞,一般,*,*,*,*,星輝士,ステラナイト,ステラナイト
星屑の残光,,,1,名詞,一般,*,*,*,*,星屑の残光,スターダストフラッシュ,スターダストフラッシュ
星刻,,,1,名詞,一般,*,*,*,*,星刻,セイコク,セイコク
星痕,,,1,名詞,一般,*,*,*,*,星痕,セイコン,セイコン
星邪,,,1,名詞,一般,*,*,*,*,星邪,セイジャ,セイジャ
星守の騎士,,,1,名詞,一般,*,*,*,*,星守の騎士,テラナイト,テラナイト
星守る結界,,,1,名詞,一般,*,*,*,*,星守る結界,ヘキサ・テラナイト,ヘキサ・テラナイト
星蝕,,,1,名詞,一般,*,*,*,*,星蝕,セイショク,セイショク
星人,,,1,名詞,一般,*,*,*,*,星人,セイジン,セイジン
星戦,,,1,名詞,一般,*,*,*,*,星戦,セイセン,セイセン
星態龍,,,1,名詞,一般,*,*,*,*,星態龍,セイタイリュウ,セイタイリュウ
星斗,,,1,名詞,一般,*,*,*,*,星斗,セイト,セイト
星杯,,,1,名詞,一般,*,*,*,*,星杯,セイハイ,セイハイ
生け贄人形,,,1,名詞,一般,*,*,*,*,生け贄人形,イケニエドール,イケニエドール
生者,,,1,名詞,一般,*,*,*,*,生者,セイジャ,セイジャ
生贄の抱く,,,1,名詞,一般,*,*,*,*,生贄の抱く,イケニエノダク,イケニエノダク
精霊獣,,,1,名詞,一般,*,*,*,*,精霊獣,セイレイジュウ,セイレイジュウ
精霊獣騎,,,1,名詞,一般,*,*,*,*,精霊獣騎,セイレイジュウキ,セイレイジュウキ
精霊獣使い,,,1,名詞,一般,*,*,*,*,精霊獣使い,セイレイジュウツカイ,セイレイジュウツカイ
精霊術師,,,1,名詞,一般,*,*,*,*,精霊術師,エレメンタルマスター,エレメンタルマスター
聖なる解呪師,,,1,名詞,一般,*,*,*,*,聖なる解呪師,セイント・ディスエンチャンター,セイント・ディスエンチャンター
聖なる魔術師,,,1,名詞,一般,*,*,*,*,聖なる魔術師,セイント・マジシャン,セイント・マジシャン
聖衣,,,1,名詞,一般,*,*,*,*,聖衣,セイイ,セイイ
聖騎士,,,1,名詞,一般,*,*,*,*,聖騎士,セイキシ,セイキシ
聖弓,,,1,名詞,一般,*,*,*,*,聖弓,セイキュウ,セイキュウ
聖剣,,,1,名詞,一般,*,*,*,*,聖剣,セイケン,セイケン
聖光の宣告者,,,1,名詞,一般,*,*,*,*,聖光の宣告者,セイント・デクレアラー,セイント・デクレアラー
聖刻,,,1,名詞,一般,*,*,*,*,聖刻,セイコク,セイコク
聖刻印,,,1,名詞,一般,*,*,*,*,聖刻印,セイコクイン,セイコクイン
聖蛇の息吹,,,1,名詞,一般,*,*,*,*,聖蛇の息吹,セイジャノイブキ,セイジャノイブキ
聖獣,,,1,名詞,一般,*,*,*,*,聖獣,セイジュウ,セイジュウ
聖占術,,,1,名詞,一般,*,*,*,*,聖占術,セイセンジュツ,セイセンジュツ
聖占術姫,,,1,名詞,一般,*,*,*,*,聖占術姫,セイセンジュツキ,セイセンジュツキ
聖選士,,,1,名詞,一般,*,*,*,*,聖選士,セイセンシ,セイセンシ
聖槍,,,1,名詞,一般,*,*,*,*,聖槍,セイソウ,セイソウ
聖鳥,,,1,名詞,一般,*,*,*,*,聖鳥,セイチョウ,セイチョウ
聖導騎士,,,1,名詞,一般,*,*,*,*,聖導騎士,セイントナイト,セイントナイト
聖杯,,,1,名詞,一般,*,*,*,*,聖杯,セイハイ,セイハイ
聖杯,,,1,名詞,一般,*,*,*,*,聖杯,セイハイ,セイハイ
聖霊獣騎,,,1,名詞,一般,*,*,*,*,聖霊獣騎,セイレイジュウキ,セイレイジュウキ
青い忍者,,,1,名詞,一般,*,*,*,*,青い忍者,ブルーニンジャ,ブルーニンジャ
青き眼の護人,,,1,名詞,一般,*,*,*,*,青き眼の護人,アオキメノモリト,アオキメノモリト
青眼,,,1,名詞,一般,*,*,*,*,青眼,ブルーアイズ,ブルーアイズ
青眼の亜白龍,,,1,名詞,一般,*,*,*,*,青眼の亜白龍,ブルーアイズ・オルタナティブ・ホワイト・ドラゴン,ブルーアイズ・オルタナティブ・ホワイト・ドラゴン
青眼の究極竜,,,1,名詞,一般,*,*,*,*,青眼の究極竜,ブルーアイズ・アルティメットドラゴン,ブルーアイズ・アルティメットドラゴン
青眼の銀ゾンビ,,,1,名詞,一般,*,*,*,*,青眼の銀ゾンビ,ブルーアイド・シルバーゾンビ,ブルーアイド・シルバーゾンビ
青眼の光龍,,,1,名詞,一般,*,*,*,*,青眼の光龍,ブルーアイズ・シャイニングドラゴン,ブルーアイズ・シャイニングドラゴン
青眼の精霊龍,,,1,名詞,一般,*,*,*,*,青眼の精霊龍,ブルーアイズ・スピリット・ドラゴン,ブルーアイズ・スピリット・ドラゴン
青眼の双爆裂龍,,,1,名詞,一般,*,*,*,*,青眼の双爆裂龍,ブルーアイズ・ツイン・バースト・ドラゴン,ブルーアイズ・ツイン・バースト・ドラゴン
青眼の白龍,,,1,名詞,一般,*,*,*,*,青眼の白龍,ブルーアイズ・ホワイト・ドラゴン,ブルーアイズ・ホワイト・ドラゴン
青虫,,,1,名詞,一般,*,*,*,*,青虫,キャタピラー,キャタピラー
青氷の白夜龍,,,1,名詞,一般,*,*,*,*,青氷の白夜龍,ブルーアイス・ホワイトナイツ・ドラゴン,ブルーアイス・ホワイトナイツ・ドラゴン
青竜,,,1,名詞,一般,*,*,*,*,青竜,セイリュウ,セイリュウ
静寂虫,,,1,名詞,一般,*,*,*,*,静寂虫,サイレント・インセクト,サイレント・インセクト
赤い忍者,,,1,名詞,一般,*,*,*,*,赤い忍者,レッドニンジャ,レッドニンジャ
赤竜,,,1,名詞,一般,*,*,*,*,赤竜,セキリュウ,セキリュウ
雪花,,,1,名詞,一般,*,*,*,*,雪花,セッカ,セッカ
舌魚,,,1,名詞,一般,*,*,*,*,舌魚,タンギョ,タンギョ
先史遺産,,,1,名詞,一般,*,*,*,*,先史遺産,オーパーツ,オーパーツ
先史遺産技術,,,1,名詞,一般,*,*,*,*,先史遺産技術,オーパーツテクノロジー,オーパーツテクノロジー
先史遺産都市,,,1,名詞,一般,*,*,*,*,先史遺産都市,オーパーツシティ,オーパーツシティ
千眼,,,1,名詞,一般,*,*,*,*,千眼,センガン,センガン
千死蛮巧,,,1,名詞,一般,*,*,*,*,千死蛮巧,アドマイヤー・デス・サウザンド,アドマイヤー・デス・サウザンド
千年竜,,,1,名詞,一般,*,*,*,*,千年竜,サウザンド・ドラゴン,サウザンド・ドラゴン
千本ナイフ,,,1,名詞,一般,*,*,*,*,千本ナイフ,サウザンドナイフ,サウザンドナイフ
占術姫,,,1,名詞,一般,*,*,*,*,占術姫,センジュツキ,センジュツキ
宣告者の神託,,,1,名詞,一般,*,*,*,*,宣告者の神託,デクレアラー・オラクル,デクレアラー・オラクル
宣告者の預言,,,1,名詞,一般,*,*,*,*,宣告者の預言,デクレアラー・プロフェシー,デクレアラー・プロフェシー
尖盾,,,1,名詞,一般,*,*,*,*,尖盾,スパイクシールド,スパイクシールド
戦乙女,,,1,名詞,一般,*,*,*,*,戦乙女,ヴァルキリー,ヴァルキリー
戦神,,,1,名詞,一般,*,*,*,*,戦神,イクサガミ,イクサガミ
戦友,,,1,名詞,一般,*,*,*,*,戦友,トモ,トモ
戦慄の凶皇,,,1,名詞,一般,*,*,*,*,戦慄の凶皇,センリツノキョウコウ,センリツノキョウコウ
旋風剣,,,1,名詞,一般,*,*,*,*,旋風剣,サイクロンブレード,サイクロンブレード
旋風壁,,,1,名詞,一般,*,*,*,*,旋風壁,センプウヘキ,センプウヘキ
選ばれし者,,,1,名詞,一般,*,*,*,*,選ばれし者,エラバレシモノ,エラバレシモノ
閃空,,,1,名詞,一般,*,*,*,*,閃空,センクウ,センクウ
全弾発射,,,1,名詞,一般,*,*,*,*,全弾発射,フルバースト,フルバースト
素早い,,,1,名詞,一般,*,*,*,*,素早い,スバヤイ,スバヤイ
蘇生紋章,,,1,名詞,一般,*,*,*,*,蘇生紋章,リボーン・メダリオン,リボーン・メダリオン
遡洸する,,,1,名詞,一般,*,*,*,*,遡洸する,ソコウスル,ソコウスル
創星の因子,,,1,名詞,一般,*,*,*,*,創星の因子,ジェネシス・テラナイト,ジェネシス・テラナイト
創星神,,,1,名詞,一般,*,*,*,*,創星神,ソウセイシン,ソウセイシン
双暁王,,,1,名詞,一般,*,*,*,*,双暁王,ソウギョウオウ,ソウギョウオウ
双星道士,,,1,名詞,一般,*,*,*,*,双星道士,ソウセイドウシ,ソウセイドウシ
双頭の雷龍,,,1,名詞,一般,*,*,*,*,双頭の雷龍,ソウトウノサンダー・ドラゴン,ソウトウノサンダー・ドラゴン
双龍降臨,,,1,名詞,一般,*,*,*,*,双龍降臨,ダブル・ドラゴン・ディセント,ダブル・ドラゴン・ディセント
相生,,,1,名詞,一般,*,*,*,*,相生,ソウジョウ,ソウジョウ
相絆,,,1,名詞,一般,*,*,*,*,相絆,ショウバン,ショウバン
草薙剣,,,1,名詞,一般,*,*,*,*,草薙剣,クサナギノツルギ,クサナギノツルギ
蒼,,,1,名詞,一般,*,*,*,*,蒼,ソウ,ソウ
蒼焔,,,1,名詞,一般,*,*,*,*,蒼焔,ソウエン,ソウエン
蒼眼,,,1,名詞,一般,*,*,*,*,蒼眼,ソウガン,ソウガン
蒼血鬼,,,1,名詞,一般,*,*,*,*,蒼血鬼,ソウケツキ,ソウケツキ
装留,,,1,名詞,一般,*,*,*,*,装留,ソウル,ソウル
騒々虫,,,1,名詞,一般,*,*,*,*,騒々虫,ソウゾウムシ,ソウゾウムシ
増草剤,,,1,名詞,一般,*,*,*,*,増草剤,ゾウソウザイ,ゾウソウザイ
増幅する悪意,,,1,名詞,一般,*,*,*,*,増幅する悪意,ゾウフクスルマリス,ゾウフクスルマリス
速炎星,,,1,名詞,一般,*,*,*,*,速炎星,ソクエンセイ,ソクエンセイ
速攻魔力増幅器,,,1,名詞,一般,*,*,*,*,速攻魔力増幅器,クイック・ブースター,クイック・ブースター
太古の白石,,,1,名詞,一般,*,*,*,*,太古の白石,ホワイト・オブ・エンシェント,ホワイト・オブ・エンシェント
太陽風帆船,,,1,名詞,一般,*,*,*,*,太陽風帆船,ソーラー・ウィンドジャマー,ソーラー・ウィンドジャマー
堕天使,,,1,名詞,一般,*,*,*,*,堕天使,ダテンシ,ダテンシ
対空放花,,,1,名詞,一般,*,*,*,*,対空放花,タイクウホウカ,タイクウホウカ
代行者,,,1,名詞,一般,*,*,*,*,代行者,ダイコウシャ,ダイコウシャ
大いなる獣,,,1,名詞,一般,*,*,*,*,大いなる獣,ト・メガ・セリオン,ト・メガ・セリオン
大ウナギ,,,1,名詞,一般,*,*,*,*,大ウナギ,オオウナギ,オオウナギ
大くしゃみ,,,1,名詞,一般,*,*,*,*,大くしゃみ,オオクシャミ,オオクシャミ
大猿,,,1,名詞,一般,*,*,*,*,大猿,オオザル,オオザル
大火事,,,1,名詞,一般,*,*,*,*,大火事,オオカジ,オオカジ
大食い,,,1,名詞,一般,*,*,*,*,大食い,オオグイ,オオグイ
大槍,,,1,名詞,一般,*,*,*,*,大槍,オオヤリ,オオヤリ
大騒動,,,1,名詞,一般,*,*,*,*,大騒動,オオソウドウ,オオソウドウ
大泥棒,,,1,名詞,一般,*,*,*,*,大泥棒,オオドロボウ,オオドロボウ
大波小波,,,1,名詞,一般,*,*,*,*,大波小波,オオナミコナミ,オオナミコナミ
大番狂わせ,,,1,名詞,一般,*,*,*,*,大番狂わせ,オオバンクルワセ,オオバンクルワセ
大幽谷響,,,1,名詞,一般,*,*,*,*,大幽谷響,オオヤマビコ,オオヤマビコ
大落とし穴,,,1,名詞,一般,*,*,*,*,大落とし穴,オオオトシアナ,オオオトシアナ
大竜巻,,,1,名詞,一般,*,*,*,*,大竜巻,オオタツマキ,オオタツマキ
大狼雷鳴,,,1,名詞,一般,*,*,*,*,大狼雷鳴,オオカミナリ,オオカミナリ
大和神,,,1,名詞,一般,*,*,*,*,大和神,ヤマトノカミ,ヤマトノカミ
大蠍,,,1,名詞,一般,*,*,*,*,大蠍,オオサソリ,オオサソリ
第1楽章,,,1,名詞,一般,*,*,*,*,第1楽章,ダイイチガクショウ,ダイイチガクショウ
単一型,,,1,名詞,一般,*,*,*,*,単一型,タンイチガタ,タンイチガタ
端末世界,,,1,名詞,一般,*,*,*,*,端末世界,ターミナルワールド,ターミナルワールド
鍛師,,,1,名詞,一般,*,*,*,*,鍛師,カナチ,カナチ
弾幕回避,,,1,名詞,一般,*,*,*,*,弾幕回避,バレル・ロール,バレル・ロール
断殺,,,1,名詞,一般,*,*,*,*,断殺,ダンサツ,ダンサツ
地獄の魔物使い,,,1,名詞,一般,*,*,*,*,地獄の魔物使い,モンスター・テイマー,モンスター・テイマー
地獄将軍,,,1,名詞,一般,*,*,*,*,地獄将軍,ヘルジェネラル,ヘルジェネラル
地獄戦士,,,1,名詞,一般,*,*,*,*,地獄戦士,ヘルソルジャー,ヘルソルジャー
地獄大百足,,,1,名詞,一般,*,*,*,*,地獄大百足,ヘル・センチピード,ヘル・センチピード
地砕き,,,1,名詞,一般,*,*,*,*,地砕き,ジクダキ,ジクダキ
地帝,,,1,名詞,一般,*,*,*,*,地帝,チテイ,チテイ
地縛,,,1,名詞,一般,*,*,*,*,地縛,ジバク,ジバク
地縛神,,,1,名詞,一般,*,*,*,*,地縛神,ジバクシン,ジバクシン
地縛波,,,1,名詞,一般,*,*,*,*,地縛波,グランド・ウェーブ,グランド・ウェーブ
地縛霊,,,1,名詞,一般,*,*,*,*,地縛霊,アース・バウンド・スピリット,アース・バウンド・スピリット
地縛霊の誘い,,,-10000,名詞,一般,*,*,*,*,地縛霊の誘い,ジバクレイノイザナイ,ジバクレイノイザナイ
地母神,,,1,名詞,一般,*,*,*,*,地母神,アースマザー,アースマザー
地竜星,,,1,名詞,一般,*,*,*,*,地竜星,チリュウセイ,チリュウセイ
地霊術-「鉄」,,,1,名詞,一般,*,*,*,*,地霊術-「鉄」,チレイジュツ-「クロガネ」,チレイジュツ-「クロガネ」
智天の神星龍,,,1,名詞,一般,*,*,*,*,智天の神星龍,セフィラ・トーラ・グラマトン,セフィラ・トーラ・グラマトン
智天使,,,1,名詞,一般,*,*,*,*,智天使,チテンシ,チテンシ
竹光,,,1,名詞,一般,*,*,*,*,竹光,タケミツ,タケミツ
竹頭木屑,,,1,名詞,一般,*,*,*,*,竹頭木屑,チクトウボクセツ,チクトウボクセツ
中忍,,,1,名詞,一般,*,*,*,*,中忍,チュウニン,チュウニン
猪鹿蝶,,,1,名詞,一般,*,*,*,*,猪鹿蝶,イノシカチョウ,イノシカチョウ
弔風のデス,,,1,名詞,一般,*,*,*,*,弔風のデス,トムライカゼノデス,トムライカゼノデス
調弦,,,1,名詞,一般,*,*,*,*,調弦,チョウゲン,チョウゲン
調星師,,,1,名詞,一般,*,*,*,*,調星師,チョウセイシ,チョウセイシ
超音速波,,,1,名詞,一般,*,*,*,*,超音速波,ソニック・ブーム,ソニック・ブーム
超銀河眼の光子龍,,,1,名詞,一般,*,*,*,*,超銀河眼の光子龍,ネオ・ギャラクシーアイズ・フォトン・ドラゴン,ネオ・ギャラクシーアイズ・フォトン・ドラゴン
超銀河眼の光波龍,,,1,名詞,一般,*,*,*,*,超銀河眼の光波龍,ネオ・ギャラクシーアイズ・サイファー・ドラゴン,ネオ・ギャラクシーアイズ・サイファー・ドラゴン
超銀河眼の時空龍,,,1,名詞,一般,*,*,*,*,超銀河眼の時空龍,ネオ・ギャラクシーアイズ・タキオン・ドラゴン,ネオ・ギャラクシーアイズ・タキオン・ドラゴン
超古代恐獣,,,1,名詞,一般,*,*,*,*,超古代恐獣,エンシェント・ダイノ,エンシェント・ダイノ
超重輝将,,,1,名詞,一般,*,*,*,*,超重輝将,チョウジュウキショウ,チョウジュウキショウ
超重剣聖,,,1,名詞,一般,*,*,*,*,超重剣聖,チョウジュウケンセイ,チョウジュウケンセイ
超重蒸鬼,,,1,名詞,一般,*,*,*,*,超重蒸鬼,チョウジュウジョウキ,チョウジュウジョウキ
超重神鬼,,,1,名詞,一般,*,*,*,*,超重神鬼,チョウジュウシンキ,チョウジュウシンキ
超重武者,,,1,名詞,一般,*,*,*,*,超重武者,チョウジュウムシャ,チョウジュウムシャ
超伝導恐獣,,,1,名詞,一般,*,*,*,*,超伝導恐獣,スーパーコンダクターティラノ,スーパーコンダクターティラノ
超念導体,,,1,名詞,一般,*,*,*,*,超念導体,サイコンダクター,サイコンダクター
超能力治療,,,1,名詞,一般,*,*,*,*,超能力治療,スーパーナチュラルヒーリング,スーパーナチュラルヒーリング
超能力増幅器,,,1,名詞,一般,*,*,*,*,超能力増幅器,サイキック・ブースター,サイキック・ブースター
超量,,,1,名詞,一般,*,*,*,*,超量,チョウリョウ,チョウリョウ
超量機獣,,,1,名詞,一般,*,*,*,*,超量機獣,チョウリョウキジュウ,チョウリョウキジュウ
超量士,,,1,名詞,一般,*,*,*,*,超量士,チョウリョウシ,チョウリョウシ
超力,,,1,名詞,一般,*,*,*,*,超力,チョウリョク,チョウリョク
長槍,,,1,名詞,一般,*,*,*,*,長槍,ナガヤリ,ナガヤリ
鳥銃士,,,1,名詞,一般,*,*,*,*,鳥銃士,チョウジュウシ,チョウジュウシ
沈溺,,,1,名詞,一般,*,*,*,*,沈溺,チンデキ,チンデキ
鎮神,,,1,名詞,一般,*,*,*,*,鎮神,シズガミ,シズガミ
追走,,,1,名詞,一般,*,*,*,*,追走,ツイソウ,ツイソウ
痛魂,,,1,名詞,一般,*,*,*,*,痛魂,ツウコン,ツウコン
辻斬風,,,1,名詞,一般,*,*,*,*,辻斬風,ツジキリカゼ,ツジキリカゼ
椿姫,,,1,名詞,一般,*,*,*,*,椿姫,ツバキ,ツバキ
帝王,,,1,名詞,一般,*,*,*,*,帝王,テイオウ,テイオウ
鉄鋼装甲虫,,,1,名詞,一般,*,*,*,*,鉄鋼装甲虫,メタルアーマードバグ,メタルアーマードバグ
天渦,,,1,名詞,一般,*,*,*,*,天渦,テンカ,テンカ
天下人,,,1,名詞,一般,*,*,*,*,天下人,テンカビト,テンカビト
天架ける,,,1,名詞,一般,*,*,*,*,天架ける,アマカケル,アマカケル
天蓋星,,,1,名詞,一般,*,*,*,*,天蓋星,テンガイセイ,テンガイセイ
天狗風,,,1,名詞,一般,*,*,*,*,天狗風,テングカゼ,テングカゼ
天空騎士,,,1,名詞,一般,*,*,*,*,天空騎士,エンジェルナイト,エンジェルナイト
天空聖者,,,1,名詞,一般,*,*,*,*,天空聖者,エンジェルセイント,エンジェルセイント
天空勇士,,,1,名詞,一般,*,*,*,*,天空勇士,エンジェルブレイブ,エンジェルブレイブ
天照大神,,,1,名詞,一般,*,*,*,*,天照大神,アマテラス,アマテラス
天枢,,,1,名詞,一般,*,*,*,*,天枢,テンスウ,テンスウ
天聖輝狼剣,,,1,名詞,一般,*,*,*,*,天聖輝狼剣,フェンリル・ソード,フェンリル・ソード
天道虫,,,1,名詞,一般,*,*,*,*,天道虫,レディバグ,レディバグ
天狼王,,,1,名詞,一般,*,*,*,*,天狼王,テンロウオウ,テンロウオウ
天穹覇龍,,,1,名詞,一般,*,*,*,*,天穹覇龍,テンキュウハリュウ,テンキュウハリュウ
天翔,,,1,名詞,一般,*,*,*,*,天翔,テンショウ,テンショウ
伝説の闇の魔導師,,,1,名詞,一般,*,*,*,*,伝説の闇の魔導師,レジェンダリー・マジシャン・オブ・ダーク,レジェンダリー・マジシャン・オブ・ダーク
伝説の騎士,,,1,名詞,一般,*,*,*,*,伝説の騎士,デンセツノキシ,デンセツノキシ
伝説の黒石,,,1,名詞,一般,*,*,*,*,伝説の黒石,ブラック・オブ・レジェンド,ブラック・オブ・レジェンド
伝説の賭博師,,,1,名詞,一般,*,*,*,*,伝説の賭博師,レジェンド・ギャンブラー,レジェンド・ギャンブラー
伝説の都,,,1,名詞,一般,*,*,*,*,伝説の都,デンセツノミヤコ,デンセツノミヤコ
伝説の白き龍,,,1,名詞,一般,*,*,*,*,伝説の白き龍,レジェンダリー・ドラゴン・オブ・ホワイト,レジェンダリー・ドラゴン・オブ・ホワイト
伝説の白石,,,1,名詞,一般,*,*,*,*,伝説の白石,ホワイト・オブ・レジェンド,ホワイト・オブ・レジェンド
伝説の竜,,,1,名詞,一般,*,*,*,*,伝説の竜,デンセツノリュウ,デンセツノリュウ
伝導場,,,1,名詞,一般,*,*,*,*,伝導場,デンドウバ,デンドウバ
伝鳩,,,1,名詞,一般,*,*,*,*,伝鳩,ツタエバト,ツタエバト
電影,,,1,名詞,一般,*,*,*,*,電影,デンエイ,デンエイ
電子光虫,,,1,名詞,一般,*,*,*,*,電子光虫,デジタル・バグ,デジタル・バグ
電磁ミノ虫,,,1,名詞,一般,*,*,*,*,電磁ミノ虫,ザックトレーガー・マグネ,ザックトレーガー・マグネ
電磁石の戦士α,,,1,名詞,一般,*,*,*,*,電磁石の戦士α,エレクトロマグネット・ウォリアー・アルファ,エレクトロマグネット・ウォリアー・アルファ
電磁石の戦士β,,,1,名詞,一般,*,*,*,*,電磁石の戦士β,エレクトロマグネット・ウォリアー・ベータ,エレクトロマグネット・ウォリアー・ベータ
電磁石の戦士γ,,,1,名詞,一般,*,*,*,*,電磁石の戦士γ,エレクトロマグネット・ウォリアー・ガンマ,エレクトロマグネット・ウォリアー・ガンマ
電池メン,,,1,名詞,一般,*,*,*,*,電池メン,デンチメン,デンチメン
電々大公,,,1,名詞,一般,*,*,*,*,電々大公,デンデンダイコウ,デンデンダイコウ
電動刃虫,,,1,名詞,一般,*,*,*,*,電動刃虫,チェーンソー・インセクト,チェーンソー・インセクト
土地鋸,,,1,名詞,一般,*,*,*,*,土地鋸,ツチノコ,ツチノコ
怒れる,,,1,名詞,一般,*,*,*,*,怒れる,イカレル,イカレル
怒れる類人猿,,,1,名詞,一般,*,*,*,*,怒れる類人猿,バーサークゴリラ,バーサークゴリラ
怒炎,,,1,名詞,一般,*,*,*,*,怒炎,ドエン,ドエン
怒濤王,,,1,名詞,一般,*,*,*,*,怒濤王,ドトウオウ,ドトウオウ
怒濤壊薙王,,,1,名詞,一般,*,*,*,*,怒濤壊薙王,ドトウカイチオウ,ドトウカイチオウ
凍気,,,1,名詞,一般,*,*,*,*,凍気,トウキ,トウキ
凍志,,,1,名詞,一般,*,*,*,*,凍志,トウシ,トウシ
凍氷帝,,,1,名詞,一般,*,*,*,*,凍氷帝,トウヒョウテイ,トウヒョウテイ
刀神,,,1,名詞,一般,*,*,*,*,刀神,カタナガミ,カタナガミ
島亀,,,1,名詞,一般,*,*,*,*,島亀,シマガメ,シマガメ
盗人,,,1,名詞,一般,*,*,*,*,盗人,ヌスット,ヌスット
到彼岸,,,1,名詞,一般,*,*,*,*,到彼岸,トウヒガン,トウヒガン
透破,,,1,名詞,一般,*,*,*,*,透破,スッパ,スッパ
闘器,,,1,名詞,一般,*,*,*,*,闘器,トウキ,トウキ
闘神,,,1,名詞,一般,*,*,*,*,闘神,トウシン,トウシン
導き手,,,1,名詞,一般,*,*,*,*,導き手,ミチビキテ,ミチビキテ
毒蛇,,,1,名詞,一般,*,*,*,*,毒蛇,ドクジャ,ドクジャ
毒蛇の牙,,,1,名詞,一般,*,*,*,*,毒蛇の牙,ドクヘビノキバ,ドクヘビノキバ
独鈷杵,,,1,名詞,一般,*,*,*,*,独鈷杵,ドッコショ,ドッコショ
突然変異,,,1,名詞,一般,*,*,*,*,突然変異,メタモルフォーゼ,メタモルフォーゼ
那沙帝弥,,,1,名詞,一般,*,*,*,*,那沙帝弥,ナーサテイヤ,ナーサテイヤ
二つの口を持つ闇の支配者,,,1,名詞,一般,*,*,*,*,二つの口を持つ闇の支配者,ツーマウス・ダークルーラー,ツーマウス・ダークルーラー
二重の落とし穴,,,1,名詞,一般,*,*,*,*,二重の落とし穴,デュアル・ホール,デュアル・ホール
二重光波,,,1,名詞,一般,*,*,*,*,二重光波,ダブル・サイファー,ダブル・サイファー
二重召喚,,,1,名詞,一般,*,*,*,*,二重召喚,デュアルサモン,デュアルサモン
二重魔法,,,1,名詞,一般,*,*,*,*,二重魔法,ダブルマジック,ダブルマジック
弐参六,,,1,名詞,一般,*,*,*,*,弐参六,ニサム,ニサム
弐四八,,,1,名詞,一般,*,*,*,*,弐四八,ニシパチ,ニシパチ
弐弐四,,,1,名詞,一般,*,*,*,*,弐弐四,ニニシ,ニニシ
虹光の宣告者,,,1,名詞,一般,*,*,*,*,虹光の宣告者,アーク・デクレアラー,アーク・デクレアラー
忍犬,,,1,名詞,一般,*,*,*,*,忍犬,ニンケン,ニンケン
忍者,,,1,名詞,一般,*,*,*,*,忍者,ニンジャ,ニンジャ
忍法,,,1,名詞,一般,*,*,*,*,忍法,ニンポウ,ニンポウ
忍鴉,,,1,名詞,一般,*,*,*,*,忍鴉,シノビガラス,シノビガラス
念導力,,,1,名詞,一般,*,*,*,*,念導力,ネンドウリョク,ネンドウリョク
粘糸,,,1,名詞,一般,*,*,*,*,粘糸,ネンシ,ネンシ
能力調整,,,1,名詞,一般,*,*,*,*,能力調整,パワー・チューン,パワー・チューン
覇王紫竜,,,1,名詞,一般,*,*,*,*,覇王紫竜,ハオウシリュウ,ハオウシリュウ
覇王門,,,1,名詞,一般,*,*,*,*,覇王門,ハオウモン,ハオウモン
覇王門無限,,,1,名詞,一般,*,*,*,*,覇王門無限,ハオウモンインフィニティ,ハオウモンインフィニティ
覇王門零,,,1,名詞,一般,*,*,*,*,覇王門零,ハオウモンゼロ,ハオウモンゼロ
覇王眷竜,,,1,名詞,一般,*,*,*,*,覇王眷竜,ハオウケンリュウ,ハオウケンリュウ
覇鍵甲虫,,,1,名詞,一般,*,*,*,*,覇鍵甲虫,ハケンコウチュウ,ハケンコウチュウ
破壊剣,,,1,名詞,一般,*,*,*,*,破壊剣,ハカイケン,ハカイケン
破壊指輪,,,1,名詞,一般,*,*,*,*,破壊指輪,ハカイリング,ハカイリング
破壊輪,,,1,名詞,一般,*,*,*,*,破壊輪,ハカイリン,ハカイリン
破戒蛮竜,,,-1,名詞,一般,*,*,*,*,破戒蛮竜,ハカイバンリュウ,ハカイバンリュウ
破術師,,,1,名詞,一般,*,*,*,*,破術師,ハジュツシ,ハジュツシ
破神剣,,,1,名詞,一般,*,*,*,*,破神剣,ハシンケン,ハシンケン
破面竜,,,1,名詞,一般,*,*,*,*,破面竜,ネイキッド・ドラゴン,ネイキッド・ドラゴン
馬頭鬼,,,1,名詞,一般,*,*,*,*,馬頭鬼,メズキ,メズキ
廃石融合,,,1,名詞,一般,*,*,*,*,廃石融合,ダブレット・フュージョン,ダブレット・フュージョン
廃品眼の太鼓竜,,,1,名詞,一般,*,*,*,*,廃品眼の太鼓竜,ガラクターアイズ・ファット・ドラゴン,ガラクターアイズ・ファット・ドラゴン
背反の料理人,,,1,名詞,一般,*,*,*,*,背反の料理人,バック・ザ・コック,バック・ザ・コック
白い泥棒,,,1,名詞,一般,*,*,*,*,白い泥棒,ホワイト・シーフ,ホワイト・シーフ
白い忍者,,,1,名詞,一般,*,*,*,*,白い忍者,ホワイトニンジャ,ホワイトニンジャ
白輝士,,,1,名詞,一般,*,*,*,*,白輝士,シロキシ,シロキシ
白亀,,,1,名詞,一般,*,*,*,*,白亀,シロカメ,シロカメ
白天馬,,,1,名詞,一般,*,*,*,*,白天馬,ハクテンマ,ハクテンマ
白夜の女王,,,1,名詞,一般,*,*,*,*,白夜の女王,ホワイトナイツ・クィーン,ホワイトナイツ・クィーン
白翼,,,1,名詞,一般,*,*,*,*,白翼,ハクヨク,ハクヨク
白竜の聖騎士,,,1,名詞,一般,*,*,*,*,白竜の聖騎士,ナイト・オブ・ホワイトドラゴン,ナイト・オブ・ホワイトドラゴン
爆炎,,,1,名詞,一般,*,*,*,*,爆炎,バクエン,バクエン
爆炎使い,,,1,名詞,一般,*,*,*,*,爆炎使い,フレイム・ロード,フレイム・ロード
爆炎帝,,,1,名詞,一般,*,*,*,*,爆炎帝,バクエンテイ,バクエンテイ
爆走,,,1,名詞,一般,*,*,*,*,爆走,バクソウ,バクソウ
爆導索,,,1,名詞,一般,*,*,*,*,爆導索,バクドウサク,バクドウサク
爆竜剣士,,,1,名詞,一般,*,*,*,*,爆竜剣士,バクリュウケンシ,バクリュウケンシ
爆裂疾風弾,,,1,名詞,一般,*,*,*,*,爆裂疾風弾,バーストストリーム,バーストストリーム
八壱八,,,1,名詞,一般,*,*,*,*,八壱八,ハイパー,ハイパー
八尺勾玉,,,1,名詞,一般,*,*,*,*,八尺勾玉,ヤサカノマガタマ,ヤサカノマガタマ
八汰烏,,,1,名詞,一般,*,*,*,*,八汰烏,ヤタガラス,ヤタガラス
八汰鏡,,,1,名詞,一般,*,*,*,*,八汰鏡,ヤタノカガミ,ヤタノカガミ
八俣大蛇,,,1,名詞,一般,*,*,*,*,八俣大蛇,ヤマタノドラゴン,ヤマタノドラゴン
発条,,,1,名詞,一般,*,*,*,*,発条,ゼンマイ,ゼンマイ
発条装攻,,,1,名詞,一般,*,*,*,*,発条装攻,ゼンマイソウコウ,ゼンマイソウコウ
罰ゲーム,,,1,名詞,一般,*,*,*,*,罰ゲーム,バツゲーム,バツゲーム
半魚獣,,,1,名詞,一般,*,*,*,*,半魚獣,ハンギョジュウ,ハンギョジュウ
半月竜,,,1,名詞,一般,*,*,*,*,半月竜,ハンゲツリュウ,ハンゲツリュウ
半蛇人,,,1,名詞,一般,*,*,*,*,半蛇人,ハンジャジン,ハンジャジン
反魂術,,,1,名詞,一般,*,*,*,*,反魂術,ハンゴンジュツ,ハンゴンジュツ
反射光子流,,,1,名詞,一般,*,*,*,*,反射光子流,フォトン・ライジング・ストリーム,フォトン・ライジング・ストリーム
反転世界,,,1,名詞,一般,*,*,*,*,反転世界,リバーサル・ワールド,リバーサル・ワールド
氾爛,,,1,名詞,一般,*,*,*,*,氾爛,ハンラン,ハンラン
汎神,,,1,名詞,一般,*,*,*,*,汎神,ハンシン,ハンシン
汎発,,,1,名詞,一般,*,*,*,*,汎発,ハンパツ,ハンパツ
盤面の執行者,,,1,名詞,一般,*,*,*,*,盤面の執行者,ピット・ボス,ピット・ボス
蛮兵,,,1,名詞,一般,*,*,*,*,蛮兵,バンペイ,バンペイ
蛮勇鱗粉,,,1,名詞,一般,*,*,*,*,蛮勇鱗粉,バーサーク・スケールス,バーサーク・スケールス
彼岸,,,1,名詞,一般,*,*,*,*,彼岸,ヒガン,ヒガン
秘鳥,,,1,名詞,一般,*,*,*,*,秘鳥,ヒチョウ,ヒチョウ
避雷神,,,1,名詞,一般,*,*,*,*,避雷神,ヒライジン,ヒライジン
美朱濡,,,1,名詞,一般,*,*,*,*,美朱濡,ビシュヌ,ビシュヌ
彦孔雀,,,1,名詞,一般,*,*,*,*,彦孔雀,ヒコクジャク,ヒコクジャク
姫葵,,,1,名詞,一般,*,*,*,*,姫葵,ヒマリ,ヒマリ
姫芽宮,,,1,名詞,一般,*,*,*,*,姫芽宮,ヒメミヤ,ヒメミヤ
姫芽君,,,1,名詞,一般,*,*,*,*,姫芽君,ヒメギミ,ヒメギミ
姫孔雀,,,1,名詞,一般,*,*,*,*,姫孔雀,ヒメクジャク,ヒメクジャク
百機夜工,,,1,名詞,一般,*,*,*,*,百機夜工,ヒャッキヤコウ,ヒャッキヤコウ
百獣王,,,1,名詞,一般,*,*,*,*,百獣王,アニマル・キング,アニマル・キング
百万喰らい,,,1,名詞,一般,*,*,*,*,百万喰らい,ヨロズグライ,ヨロズグライ
氷炎の双竜,,,1,名詞,一般,*,*,*,*,氷炎の双竜,フロストアンドフレイム・ツインドラゴン,フロストアンドフレイム・ツインドラゴン
氷岩,,,1,名詞,一般,*,*,*,*,氷岩,ヒョウガン,ヒョウガン
氷結界,,,1,名詞,一般,*,*,*,*,氷結界,ヒョウケッカイ,ヒョウケッカイ
氷結界の武士,,,1,名詞,一般,*,*,*,*,氷結界の武士,ヒョウケッカイノモノノフ,ヒョウケッカイノモノノフ
氷弾使い,,,1,名詞,一般,*,*,*,*,氷弾使い,ヒョウダンツカイ,ヒョウダンツカイ
氷帝,,,1,名詞,一般,*,*,*,*,氷帝,ヒョウテイ,ヒョウテイ
氷霊神,,,1,名詞,一般,*,*,*,*,氷霊神,ヒョウレイシン,ヒョウレイシン
秒殺,,,1,名詞,一般,*,*,*,*,秒殺,ビョウサツ,ビョウサツ
瓶,,,1,名詞,一般,*,*,*,*,瓶,カメ,カメ
不死王,,,1,名詞,一般,*,*,*,*,不死王,ノスフェラトゥ,ノスフェラトゥ
不死鳥,,,1,名詞,一般,*,*,*,*,不死鳥,ゴッドフェニックス,ゴッドフェニックス
不死鳥弩弓,,,1,名詞,一般,*,*,*,*,不死鳥弩弓,フェニックス・ボウ,フェニックス・ボウ
不死之炎鳥,,,1,名詞,一般,*,*,*,*,不死之炎鳥,フシノトリ,フシノトリ
不退,,,1,名詞,一般,*,*,*,*,不退,フタイ,フタイ
不知火,,,1,名詞,一般,*,*,*,*,不知火,シラヌイ,シラヌイ
不知火の隠者,,,1,名詞,一般,*,*,*,*,不知火の隠者,シラヌイノカゲモノ,シラヌイノカゲモノ
不知火の宮司,,,1,名詞,一般,*,*,*,*,不知火の宮司,シラヌイノミヤツカサ,シラヌイノミヤツカサ
不知火の武士,,,1,名詞,一般,*,*,*,*,不知火の武士,シラヌイノモノノフ,シラヌイノモノノフ
浮幽さくら,,,1,名詞,一般,*,*,*,*,浮幽さくら,フユサクラ,フユサクラ
浮鵺城,,,1,名詞,一般,*,*,*,*,浮鵺城,フヤジョウ,フヤジョウ
武神,,,1,名詞,一般,*,*,*,*,武神,ブジン,ブジン
武神隠,,,1,名詞,一般,*,*,*,*,武神隠,ブジンガクレ,ブジンガクレ
武神逐,,,1,名詞,一般,*,*,*,*,武神逐,ブジンヤライ,ブジンヤライ
武神帝,,,1,名詞,一般,*,*,*,*,武神帝,ブジンテイ,ブジンテイ
武神姫,,,1,名詞,一般,*,*,*,*,武神姫,ブジンキ,ブジンキ
武闘円舞,,,1,名詞,一般,*,*,*,*,武闘円舞,バトルワルツ,バトルワルツ
封印されし,,,1,名詞,一般,*,*,*,*,封印されし,フウインサレシ,フウインサレシ
封印されし者,,,1,名詞,一般,*,*,*,*,封印されし者,フウインサレシモノ,フウインサレシモノ
封神鏡,,,1,名詞,一般,*,*,*,*,封神鏡,ホウシンキョウ,ホウシンキョウ
風神雲龍剣,,,1,名詞,一般,*,*,*,*,風神雲龍剣,トルネード・ブリンガー,トルネード・ブリンガー
風征竜,,,1,名詞,一般,*,*,*,*,風征竜,フウセイリュウ,フウセイリュウ
風帝,,,1,名詞,一般,*,*,*,*,風帝,フウテイ,フウテイ
風魔,,,1,名詞,一般,*,*,*,*,風魔,フウマ,フウマ
風来王,,,1,名詞,一般,*,*,*,*,風来王,フウライオウ,フウライオウ
風竜星,,,1,名詞,一般,*,*,*,*,風竜星,フウリュウセイ,フウリュウセイ
風霊,,,1,名詞,一般,*,*,*,*,風霊,フウレイ,フウレイ
風霊神,,,1,名詞,一般,*,*,*,*,風霊神,フウレイシン,フウレイシン
伏魔殿,,,1,名詞,一般,*,*,*,*,伏魔殿,デーモン・パレス,デーモン・パレス
平行世界融合,,,1,名詞,一般,*,*,*,*,平行世界融合,パラレル・ワールド・フュージョン,パラレル・ワールド・フュージョン
変化,,,1,名詞,一般,*,*,*,*,変化,ヘンゲ,ヘンゲ
返り咲く薔薇の大輪,,,1,名詞,一般,*,*,*,*,返り咲く薔薇の大輪,リバイバル・ローズ,リバイバル・ローズ
捕違い,,,1,名詞,一般,*,*,*,*,捕違い,トリチガイ,トリチガイ
捕食植物,,,1,名詞,一般,*,*,*,*,捕食植物,プレデター・プランツ,プレデター・プランツ
捕食生成,,,1,名詞,一般,*,*,*,*,捕食生成,プレデター・プラスト,プレデター・プラスト
捕食接ぎ木,,,1,名詞,一般,*,*,*,*,捕食接ぎ木,プレデター・グラフト,プレデター・グラフト
捕食惑星,,,1,名詞,一般,*,*,*,*,捕食惑星,プレデター・プラネット,プレデター・プラネット
墓穴,,,1,名詞,一般,*,*,*,*,墓穴,ハカアナ,ハカアナ
墓守,,,1,名詞,一般,*,*,*,*,墓守,ハカモリ,ハカモリ
墓守の暗殺者,,,1,名詞,一般,*,*,*,*,墓守の暗殺者,ハカモリノアサシン,ハカモリノアサシン
宝玉,,,1,名詞,一般,*,*,*,*,宝玉,ホウギョク,ホウギョク
宝玉獣,,,1,名詞,一般,*,*,*,*,宝玉獣,ホウギョクジュウ,ホウギョクジュウ
宝具箱,,,1,名詞,一般,*,*,*,*,宝具箱,ホウグバコ,ホウグバコ
宝札,,,1,名詞,一般,*,*,*,*,宝札,ホウサツ,ホウサツ
宝札雲,,,1,名詞,一般,*,*,*,*,宝札雲,ラッキークラウド,ラッキークラウド
宝竜星,,,1,名詞,一般,*,*,*,*,宝竜星,ホウリュウセイ,ホウリュウセイ
方界,,,1,名詞,一般,*,*,*,*,方界,ホウカイ,ホウカイ
方界胤,,,1,名詞,一般,*,*,*,*,方界胤,ホウカイイン,ホウカイイン
方界業,,,1,名詞,一般,*,*,*,*,方界業,ホウカイカルマ,ホウカイカルマ
方界合神,,,1,名詞,一般,*,*,*,*,方界合神,ホウカイガッシン,ホウカイガッシン
方界超獣,,,1,名詞,一般,*,*,*,*,方界超獣,ホウカイチョウジュウ,ホウカイチョウジュウ
方界超帝,,,1,名詞,一般,*,*,*,*,方界超帝,ホウカイチョウテイ,ホウカイチョウテイ
方界帝,,,1,名詞,一般,*,*,*,*,方界帝,ホウカイテイ,ホウカイテイ
法眼,,,1,名詞,一般,*,*,*,*,法眼,ホウガン,ホウガン
砲機甲鎧,,,1,名詞,一般,*,*,*,*,砲機甲鎧,キャノンアーマー,キャノンアーマー
鳳王獣,,,1,名詞,一般,*,*,*,*,鳳王獣,ホウオウジュウ,ホウオウジュウ
鳳翼,,,1,名詞,一般,*,*,*,*,鳳翼,ホウヨク,ホウヨク
亡朧龍,,,1,名詞,一般,*,*,*,*,亡朧龍,モウロウリュウ,モウロウリュウ
忘却の都,,,1,名詞,一般,*,*,*,*,忘却の都,ボウキャクノミヤコ,ボウキャクノミヤコ
暴走闘君,,,1,名詞,一般,*,*,*,*,暴走闘君,ボウソウトウクン,ボウソウトウクン
暴風雨,,,1,名詞,一般,*,*,*,*,暴風雨,レインストーム,レインストーム
防御輪,,,1,名詞,一般,*,*,*,*,防御輪,ボウギョリン,ボウギョリン
本気ギレ,,,1,名詞,一般,*,*,*,*,本気ギレ,マジギレ,マジギレ
摩天楼,,,1,名詞,一般,*,*,*,*,摩天楼,マテンロウ,マテンロウ
摩天楼2,,,-10000,名詞,一般,*,*,*,*,摩天楼2,マテンロウツー,マテンロウツー
磨破羅魏,,,1,名詞,一般,*,*,*,*,磨破羅魏,マハラギ,マハラギ
魔海城,,,1,名詞,一般,*,*,*,*,魔海城,マカイジョウ,マカイジョウ
魔界劇団,,,1,名詞,一般,*,*,*,*,魔界劇団,マカイゲキダン,マカイゲキダン
魔玩具補綴,,,1,名詞,一般,*,*,*,*,魔玩具補綴,デストーイ・パッチワーク,デストーイ・パッチワーク
魔玩具融合,,,1,名詞,一般,*,*,*,*,魔玩具融合,デストーイ・フュージョン,デストーイ・フュージョン
魔眼,,,1,名詞,一般,*,*,*,*,魔眼,マガン,マガン
魔宮,,,1,名詞,一般,*,*,*,*,魔宮,マキュウ,マキュウ
魔弓,,,1,名詞,一般,*,*,*,*,魔弓,マキュウ,マキュウ
魔鏡導士,,,1,名詞,一般,*,*,*,*,魔鏡導士,マキョウドウシ,マキョウドウシ
魔犬,,,1,名詞,一般,*,*,*,*,魔犬,マケン,マケン
魔轟神,,,1,名詞,一般,*,*,*,*,魔轟神,マゴウシン,マゴウシン
魔術師,,,1,名詞,一般,*,*,*,*,魔術師,マジュツシ,マジュツシ
魔神アーク・マキナ,,,1,名詞,一般,*,*,*,*,魔神アーク・マキナ,マシンアーク・マキナ,マシンアーク・マキナ
魔神王,,,1,名詞,一般,*,*,*,*,魔神王,マシンオウ,マシンオウ
魔神火炎砲,,,1,名詞,一般,*,*,*,*,魔神火炎砲,エグゾード・フレイム,エグゾード・フレイム
魔人,,,1,名詞,一般,*,*,*,*,魔人,マジン,マジン
魔人銃,,,1,名詞,一般,*,*,*,*,魔人銃,マジンガン,マジンガン
魔酔虫,,,1,名詞,一般,*,*,*,*,魔酔虫,マスイチュウ,マスイチュウ
魔精,,,1,名詞,一般,*,*,*,*,魔精,マセイ,マセイ
魔製産卵床,,,1,名詞,一般,*,*,*,*,魔製産卵床,マセイサンランショウ,マセイサンランショウ
魔草,,,1,名詞,一般,*,*,*,*,魔草,マソウ,マソウ
魔装邪龍,,,1,名詞,一般,*,*,*,*,魔装邪龍,マソウジャリュウ,マソウジャリュウ
魔装聖龍,,,1,名詞,一般,*,*,*,*,魔装聖龍,マソウセイリュウ,マソウセイリュウ
魔装戦士,,,1,名詞,一般,*,*,*,*,魔装戦士,マソウセンシ,マソウセンシ
魔装鵺妖衣,,,1,名詞,一般,*,*,*,*,魔装鵺妖衣,キメラ・クロス,キメラ・クロス
魔族召喚師,,,1,名詞,一般,*,*,*,*,魔族召喚師,デビルズ・サモナー,デビルズ・サモナー
魔帝,,,1,名詞,一般,*,*,*,*,魔帝,マテイ,マテイ
魔笛使い,,,1,名詞,一般,*,*,*,*,魔笛使い,マテキツカイ,マテキツカイ
魔刀,,,1,名詞,一般,*,*,*,*,魔刀,マトウ,マトウ
魔頭,,,1,名詞,一般,*,*,*,*,魔頭,マトウ,マトウ
魔導,,,1,名詞,一般,*,*,*,*,魔導,マドウ,マドウ
魔導化士,,,1,名詞,一般,*,*,*,*,魔導化士,マドウケシ,マドウケシ
魔導鬼士,,,1,名詞,一般,*,*,*,*,魔導鬼士,マドウキシ,マドウキシ
魔導弓士,,,1,名詞,一般,*,*,*,*,魔導弓士,マドウキュウシ,マドウキュウシ
魔導皇士,,,1,名詞,一般,*,*,*,*,魔導皇士,マドウコウシ,マドウコウシ
魔導皇聖,,,1,名詞,一般,*,*,*,*,魔導皇聖,マドウコウジョウ,マドウコウジョウ
魔導獣 ケルベロス,,,1,名詞,一般,*,*,*,*,魔導獣 ケルベロス,マジックビースト ケルベロス,マジックビースト ケルベロス
魔導書,,,1,名詞,一般,*,*,*,*,魔導書,マドウショ,マドウショ
魔導人形の夜,,,1,名詞,一般,*,*,*,*,魔導人形の夜,マドルチェ・ナイツ,マドルチェ・ナイツ
魔導法士,,,1,名詞,一般,*,*,*,*,魔導法士,マドウホウシ,マドウホウシ
魔道化,,,1,名詞,一般,*,*,*,*,魔道化,マドウケ,マドウケ
魔斧,,,1,名詞,一般,*,*,*,*,魔斧,マフ,マフ
魔法の国の王女,,,1,名詞,一般,*,*,*,*,魔法の国の王女,プリンセス,プリンセス
魔法の歯車,,,1,名詞,一般,*,*,*,*,魔法の歯車,マジック・ギア,マジック・ギア
魔法の操り人形,,,1,名詞,一般,*,*,*,*,魔法の操り人形,マジカル・マリオネット,マジカル・マリオネット
魔法の筒,,,1,名詞,一般,*,*,*,*,魔法の筒,マジック・シリンダー,マジック・シリンダー
魔法壁,,,1,名詞,一般,*,*,*,*,魔法壁,マホウヘキ,マホウヘキ
魔霧雨,,,1,名詞,一般,*,*,*,*,魔霧雨,マキウ,マキウ
魔力隔壁,,,1,名詞,一般,*,*,*,*,魔力隔壁,マジック・ウォール,マジック・ウォール
万魔殿,,,1,名詞,一般,*,*,*,*,万魔殿,パンディモニウム,パンディモニウム
魅惑の女王,,,1,名詞,一般,*,*,*,*,魅惑の女王,アリュール・クイーン,アリュール・クイーン
密偵-C,,,1,名詞,一般,*,*,*,*,密偵-C,スパイ-シー,スパイ-シー
蜜柑子,,,1,名詞,一般,*,*,*,*,蜜柑子,ミカンコ,ミカンコ
民,,,1,名詞,一般,*,*,*,*,民,タミ,タミ
無敗将軍,,,1,名詞,一般,*,*,*,*,無敗将軍,ジェネラル,ジェネラル
無零,,,1,名詞,一般,*,*,*,*,無零,ブレイ,ブレイ
無零怒,,,1,名詞,一般,*,*,*,*,無零怒,ブレイド,ブレイド
霧の王,,,1,名詞,一般,*,*,*,*,霧の王,キングミスト,キングミスト
冥界行き,,,1,名詞,一般,*,*,*,*,冥界行き,メイカイユキ,メイカイユキ
冥帝,,,1,名詞,一般,*,*,*,*,冥帝,メイテイ,メイテイ
明と宵,,,1,名詞,一般,*,*,*,*,明と宵,アケトヨイ,アケトヨイ
迷い風,,,1,名詞,一般,*,*,*,*,迷い風,マヨイカゼ,マヨイカゼ
迷宮壁,,,1,名詞,一般,*,*,*,*,迷宮壁,メイキュウヘキ,メイキュウヘキ
迷走悪魔,,,1,名詞,一般,*,*,*,*,迷走悪魔,ストレイ・デビル,ストレイ・デビル
滅亡の予言者,,,1,名詞,一般,*,*,*,*,滅亡の予言者,メツボウノヨゲンシャ,メツボウノヨゲンシャ
猛突,,,1,名詞,一般,*,*,*,*,猛突,モウトツ,モウトツ
猛突進,,,1,名詞,一般,*,*,*,*,猛突進,モウトッシン,モウトッシン
木人18,,,1,名詞,一般,*,*,*,*,木人18,モクジンインパチ,モクジンインパチ
木炭18,,,1,名詞,一般,*,*,*,*,木炭18,モクタンインパチ,モクタンインパチ
木遁,,,1,名詞,一般,*,*,*,*,木遁,モクトン,モクトン
木魅,,,1,名詞,一般,*,*,*,*,木魅,コダマ,コダマ
黙札,,,1,名詞,一般,*,*,*,*,黙札,モクサツ,モクサツ
紋章の記録,,,1,名詞,一般,*,*,*,*,紋章の記録,メダリオン・レコード,メダリオン・レコード
紋章死神,,,1,名詞,一般,*,*,*,*,紋章死神,デスメダリオン,デスメダリオン
紋章獣,,,1,名詞,一般,*,*,*,*,紋章獣,モンショウジュウ,モンショウジュウ
紋章神,,,1,名詞,一般,*,*,*,*,紋章神,ゴッド・メダリオン,ゴッド・メダリオン
紋章変換,,,1,名詞,一般,*,*,*,*,紋章変換,チェンジ・メダリオン,チェンジ・メダリオン
夜薔薇の騎士,,,1,名詞,一般,*,*,*,*,夜薔薇の騎士,ナイトローズナイト,ナイトローズナイト
勇炎星,,,1,名詞,一般,*,*,*,*,勇炎星,ヨウエンセイ,ヨウエンセイ
幽鬼うさぎ,,,1,名詞,一般,*,*,*,*,幽鬼うさぎ,ユキウサギ,ユキウサギ
幽獄,,,1,名詞,一般,*,*,*,*,幽獄,ユウゴク,ユウゴク
幽麗なる幻滝,,,1,名詞,一般,*,*,*,*,幽麗なる幻滝,ユウレイナルゲンロウ,ユウレイナルゲンロウ
有翼,,,1,名詞,一般,*,*,*,*,有翼,ユウヨク,ユウヨク
誘い,,,1,名詞,一般,*,*,*,*,誘い,イザナイ,イザナイ
誘われし者,,,1,名詞,一般,*,*,*,*,誘われし者,イザナワレシモノ,イザナワレシモノ
雄炎星,,,1,名詞,一般,*,*,*,*,雄炎星,ユウエンセイ,ユウエンセイ
融合,,,1,名詞,一般,*,*,*,*,融合,ユウゴウ,ユウゴウ
融合回収,,,1,名詞,一般,*,*,*,*,融合回収,フュージョン・リカバリー,フュージョン・リカバリー
融合死円舞曲,,,1,名詞,一般,*,*,*,*,融合死円舞曲,フュージョン・デス・ワルツ,フュージョン・デス・ワルツ
融合識別,,,1,名詞,一般,*,*,*,*,融合識別,フュージョン・タグ,フュージョン・タグ
融合呪印生物-光,,,1,名詞,一般,*,*,*,*,融合呪印生物-光,ユウゴウジュインセイブツ-ヒカリ,ユウゴウジュインセイブツ-ヒカリ
融合準備,,,1,名詞,一般,*,*,*,*,融合準備,フュージョン・リザーブ,フュージョン・リザーブ
融爆,,,1,名詞,一般,*,*,*,*,融爆,ユウバク,ユウバク
妖社,,,1,名詞,一般,*,*,*,*,妖社,ヨウシャ,ヨウシャ
妖精伝姫,,,1,名詞,一般,*,*,*,*,妖精伝姫,フェアリーテイル,フェアリーテイル
妖仙,,,1,名詞,一般,*,*,*,*,妖仙,ヨウセン,ヨウセン
妖仙郷,,,1,名詞,一般,*,*,*,*,妖仙郷,ヨウセンキョウ,ヨウセンキョウ
妖仙獣,,,1,名詞,一般,*,*,*,*,妖仙獣,ヨウセンジュウ,ヨウセンジュウ
妖刀,,,1,名詞,一般,*,*,*,*,妖刀,ヨウトウ,ヨウトウ
揺光,,,1,名詞,一般,*,*,*,*,揺光,ヨウコウ,ヨウコウ
溶岩掌,,,1,名詞,一般,*,*,*,*,溶岩掌,ヨウガンショウ,ヨウガンショウ
溶岩大巨人,,,1,名詞,一般,*,*,*,*,溶岩大巨人,マグマ・ギガント,マグマ・ギガント
溶撃,,,1,名詞,一般,*,*,*,*,溶撃,ヨウゲキ,ヨウゲキ
羊雲,,,1,名詞,一般,*,*,*,*,羊雲,シープクラウド,シープクラウド
葉心棒,,,1,名詞,一般,*,*,*,*,葉心棒,ヨウジンボウ,ヨウジンボウ
踊る妖精,,,1,名詞,一般,*,*,*,*,踊る妖精,ダンシングフェアリー,ダンシングフェアリー
陽炎光輪,,,1,名詞,一般,*,*,*,*,陽炎光輪,ヘイズグローリー,ヘイズグローリー
陽炎獣,,,1,名詞,一般,*,*,*,*,陽炎獣,ヘイズビースト,ヘイズビースト
陽炎柱,,,1,名詞,一般,*,*,*,*,陽炎柱,ヘイズピラー,ヘイズピラー
翼神竜,,,1,名詞,一般,*,*,*,*,翼神竜,ヨクシンリュウ,ヨクシンリュウ
翼竜,,,1,名詞,一般,*,*,*,*,翼竜,ヨクリュウ,ヨクリュウ
羅刹,,,1,名詞,一般,*,*,*,*,羅刹,ラセツ,ラセツ
螺旋絞,,,1,名詞,一般,*,*,*,*,螺旋絞,スパイラル・ホールド,スパイラル・ホールド
螺旋槍殺,,,1,名詞,一般,*,*,*,*,螺旋槍殺,スパイラル・シェイバー,スパイラル・シェイバー
螺旋突,,,1,名詞,一般,*,*,*,*,螺旋突,スパイラル・クラッシュ,スパイラル・クラッシュ
螺旋波,,,1,名詞,一般,*,*,*,*,螺旋波,スパイラル・ウェーブ,スパイラル・ウェーブ
雷の裁き,,,1,名詞,一般,*,*,*,*,雷の裁き,イカズチノサバキ,イカズチノサバキ
雷神鬼,,,1,名詞,一般,*,*,*,*,雷神鬼,ライジンキ,ライジンキ
雷神猛虎剣,,,1,名詞,一般,*,*,*,*,雷神猛虎剣,ライトニング・ブレード,ライトニング・ブレード
雷帝,,,1,名詞,一般,*,*,*,*,雷帝,ライテイ,ライテイ
雷帝神,,,1,名詞,一般,*,*,*,*,雷帝神,スサノオ,スサノオ
雷電娘々,,,1,名詞,一般,*,*,*,*,雷電娘々,ライデンニャンニャン,ライデンニャンニャン
雷遁,,,1,名詞,一般,*,*,*,*,雷遁,ライトン,ライトン
雷魔神,,,1,名詞,一般,*,*,*,*,雷魔神,ライマシン,ライマシン
落とし穴,,,1,名詞,一般,*,*,*,*,落とし穴,オトシアナ,オトシアナ
嵐征竜,,,1,名詞,一般,*,*,*,*,嵐征竜,ランセイリュウ,ランセイリュウ
裏風の精霊,,,1,名詞,一般,*,*,*,*,裏風の精霊,ウラカゼノセイレイ,ウラカゼノセイレイ
立炎星,,,1,名詞,一般,*,*,*,*,立炎星,リツエンセイ,リツエンセイ
流砂,,,1,名詞,一般,*,*,*,*,流砂,リュウサ,リュウサ
流離い,,,1,名詞,一般,*,*,*,*,流離い,サスライ,サスライ
竜の騎士,,,1,名詞,一般,*,*,*,*,竜の騎士,ドラゴン・ナイト,ドラゴン・ナイト
竜の束縛,,,1,名詞,一般,*,*,*,*,竜の束縛,ドラゴンズ・バインド,ドラゴンズ・バインド
竜影魚,,,1,名詞,一般,*,*,*,*,竜影魚,リュウエイギョ,リュウエイギョ
竜絵巻,,,1,名詞,一般,*,*,*,*,竜絵巻,ドラゴンエマキ,ドラゴンエマキ
竜核の呪霊者,,,1,名詞,一般,*,*,*,*,竜核の呪霊者,リュウカクノジュリョウシャ,リュウカクノジュリョウシャ
竜巻海流壁,,,1,名詞,一般,*,*,*,*,竜巻海流壁,トルネードウォール,トルネードウォール
竜脚獣,,,1,名詞,一般,*,*,*,*,竜脚獣,リュウキャクジュウ,リュウキャクジュウ
竜宮之姫,,,1,名詞,一般,*,*,*,*,竜宮之姫,オトヒメ,オトヒメ
竜穴,,,1,名詞,一般,*,*,*,*,竜穴,リュウケツ,リュウケツ
竜血鬼,,,1,名詞,一般,*,*,*,*,竜血鬼,リュウケツキ,リュウケツキ
竜剣士,,,1,名詞,一般,*,*,*,*,竜剣士,リュウケンシ,リュウケンシ
竜呼相打つ,,,1,名詞,一般,*,*,*,*,竜呼相打つ,リュウコアイウツ,リュウコアイウツ
竜魂,,,1,名詞,一般,*,*,*,*,竜魂,リュウコン,リュウコン
竜魂の幻泉,,,1,名詞,一般,*,*,*,*,竜魂の幻泉,リュウコンノゲンセン,リュウコンノゲンセン
竜魂の石像,,,1,名詞,一般,*,*,*,*,竜魂の石像,ドラゴン・ソウル・スタチュー,ドラゴン・ソウル・スタチュー
竜魂の力,,,1,名詞,一般,*,*,*,*,竜魂の力,ドラゴニック・フォース,ドラゴニック・フォース
竜殺者,,,1,名詞,一般,*,*,*,*,竜殺者,ドラゴン・キラー,ドラゴン・キラー
竜星,,,1,名詞,一般,*,*,*,*,竜星,リュウセイ,リュウセイ
竜星の九支,,,1,名詞,一般,*,*,*,*,竜星の九支,リュウセイノキュウシ,リュウセイノキュウシ
竜星因士,,,1,名詞,一般,*,*,*,*,竜星因士,イーサテラナイト,イーサテラナイト
竜操術,,,1,名詞,一般,*,*,*,*,竜操術,リュウソウジュツ,リュウソウジュツ
竜胆,,,1,名詞,一般,*,*,*,*,竜胆,リンド,リンド
竜姫神,,,1,名詞,一般,*,*,*,*,竜姫神,リュウキシン,リュウキシン
竜魔王,,,1,名詞,一般,*,*,*,*,竜魔王,リュウマオウ,リュウマオウ
龍の鏡,,,1,名詞,一般,*,*,*,*,龍の鏡,ドラゴンズ・ミラー,ドラゴンズ・ミラー
龍骨鬼,,,1,名詞,一般,*,*,*,*,龍骨鬼,リュウコツキ,リュウコツキ
龍大神,,,1,名詞,一般,*,*,*,*,龍大神,リュウオオカミ,リュウオオカミ
緑光の宣告者,,,1,名詞,一般,*,*,*,*,緑光の宣告者,グリーン・デクレアラー,グリーン・デクレアラー
臨時収入,,,1,名詞,一般,*,*,*,*,臨時収入,エクストラバック,エクストラバック
輪廻転生,,,1,名詞,一般,*,*,*,*,輪廻転生,リンネテンショウ,リンネテンショウ
隣の芝刈り,,,1,名詞,一般,*,*,*,*,隣の芝刈り,トナリノシバカリ,トナリノシバカリ
励輝士,,,1,名詞,一般,*,*,*,*,励輝士,レイキシ,レイキシ
零式,,,1,名詞,一般,*,*,*,*,零式,ゼロシキ,ゼロシキ
零鳥姫,,,1,名詞,一般,*,*,*,*,零鳥姫,レイチョウキ,レイチョウキ
霊魂の円環,,,1,名詞,一般,*,*,*,*,霊魂の円環,エスプリット・ヒーリング,エスプリット・ヒーリング
霊魂の拠所,,,1,名詞,一般,*,*,*,*,霊魂の拠所,エスプリット・パワースポット,エスプリット・パワースポット
霊魂の護送船,,,1,名詞,一般,*,*,*,*,霊魂の護送船,ソウル・コンヴォイ,ソウル・コンヴォイ
霊魂の降神,,,1,名詞,一般,*,*,*,*,霊魂の降神,エスプリット・コーリング,エスプリット・コーリング
霊魂鳥,,,1,名詞,一般,*,*,*,*,霊魂鳥,エスプリット・バード,エスプリット・バード
霊魂鳥神,,,1,名詞,一般,*,*,*,*,霊魂鳥神,エスプリット・ロード,エスプリット・ロード
霊使い,,,1,名詞,一般,*,*,*,*,霊使い,レイツカイ,レイツカイ
霊子,,,1,名詞,一般,*,*,*,*,霊子,レイシ,レイシ
霊獣,,,1,名詞,一般,*,*,*,*,霊獣,レイジュウ,レイジュウ
霊獣の誓還,,,1,名詞,一般,*,*,*,*,霊獣の誓還,レイジュウノセイカン,レイジュウノセイカン
霊獣使い,,,1,名詞,一般,*,*,*,*,霊獣使い,レイジュウツカイ,レイジュウツカイ
霊水鳥,,,1,名詞,一般,*,*,*,*,霊水鳥,レイスイチョウ,レイスイチョウ
烈華砲艦,,,1,名詞,一般,*,*,*,*,烈華砲艦,レッカホウカン,レッカホウカン
烈旋,,,1,名詞,一般,*,*,*,*,烈旋,レッセン,レッセン
烈風帝,,,1,名詞,一般,*,*,*,*,烈風帝,レップウテイ,レップウテイ
煉獄,,,1,名詞,一般,*,*,*,*,煉獄,レンゴク,レンゴク
煉獄の騎士,,,1,名詞,一般,*,*,*,*,煉獄の騎士,テラナイト,テラナイト
連契,,,1,名詞,一般,*,*,*,*,連契,レンケイ,レンケイ
連撃,,,1,名詞,一般,*,*,*,*,連撃,レンゲキ,レンゲキ
連鎖解呪,,,1,名詞,一般,*,*,*,*,連鎖解呪,チェーン・ディスペル,チェーン・ディスペル
連鎖除外,,,1,名詞,一般,*,*,*,*,連鎖除外,チェーン・ロスト,チェーン・ロスト
連鎖破壊,,,1,名詞,一般,*,*,*,*,連鎖破壊,チェーン・デストラクション,チェーン・デストラクション
連鎖爆撃,,,1,名詞,一般,*,*,*,*,連鎖爆撃,チェーン・ストライク,チェーン・ストライク
連鎖誘爆,,,1,名詞,一般,*,*,*,*,連鎖誘爆,チェーン・イグニッション,チェーン・イグニッション
連鎖炸薬,,,1,名詞,一般,*,*,*,*,連鎖炸薬,チェーン・バースト,チェーン・バースト
連成,,,1,名詞,一般,*,*,*,*,連成,レンセイ,レンセイ
連爆魔人,,,1,名詞,一般,*,*,*,*,連爆魔人,ブラスト・デビル,ブラスト・デビル
錬金,,,1,名詞,一般,*,*,*,*,錬金,レンキン,レンキン
錬装融合,,,1,名詞,一般,*,*,*,*,錬装融合,メタルフォーゼ・フュージョン,メタルフォーゼ・フュージョン
漏電,,,1,名詞,一般,*,*,*,*,漏電,ショートサーキット,ショートサーキット
六参壱八,,,1,名詞,一般,*,*,*,*,六参壱八,ムザンイチハ,ムザンイチハ
六尺瓊勾玉,,,1,名詞,一般,*,*,*,*,六尺瓊勾玉,ムサカニノマガタマ,ムサカニノマガタマ
六武衆,,,1,名詞,一般,*,*,*,*,六武衆,ロクブシュウ,ロクブシュウ
六武衆の理,,,1,名詞,一般,*,*,*,*,六武衆の理,ロクブシュウノコトワリ,ロクブシュウノコトワリ
六芒星,,,1,名詞,一般,*,*,*,*,六芒星,ロクボウセイ,ロクボウセイ
和魂,,,1,名詞,一般,*,*,*,*,和魂,ニギタマ,ニギタマ
歪み,,,1,名詞,一般,*,*,*,*,歪み,ヒズミ,ヒズミ
惑星探査車,,,1,名詞,一般,*,*,*,*,惑星探査車,プラネット・パスファインダー,プラネット・パスファインダー
傀儡,,,1,名詞,一般,*,*,*,*,傀儡,クグツ,クグツ
冀望皇,,,1,名詞,一般,*,*,*,*,冀望皇,キボウオウ,キボウオウ
剋竜王,,,1,名詞,一般,*,*,*,*,剋竜王,コクリュウオウ,コクリュウオウ
將,,,1,名詞,一般,*,*,*,*,將,ショウ,ショウ
巫鶴,,,1,名詞,一般,*,*,*,*,巫鶴,カンナギツル,カンナギツル
弩弓隊,,,1,名詞,一般,*,*,*,*,弩弓隊,ドキュウタイ,ドキュウタイ
恍惚の人魚,,,1,名詞,一般,*,*,*,*,恍惚の人魚,コウコツノマーメイド,コウコツノマーメイド
憑依装着,,,1,名詞,一般,*,*,*,*,憑依装着,ヒョウイソウチャク,ヒョウイソウチャク
憑代,,,1,名詞,一般,*,*,*,*,憑代,ヨリシロ,ヨリシロ
棘のミーネ,,,1,名詞,一般,*,*,*,*,棘のミーネ,イバラノミーネ,イバラノミーネ
棘の壁,,,1,名詞,一般,*,*,*,*,棘の壁,ソーン・ウォール,ソーン・ウォール
棘の妖精,,,1,名詞,一般,*,*,*,*,棘の妖精,イバラノヨウセイ,イバラノヨウセイ
棘紫獣,,,1,名詞,一般,*,*,*,*,棘紫獣,キョクシジュウ,キョクシジュウ
棘紫竜,,,1,名詞,一般,*,*,*,*,棘紫竜,キョクシリュウ,キョクシリュウ
涅槃の超魔導剣士,,,1,名詞,一般,*,*,*,*,涅槃の超魔導剣士,ニルヴァーナ・ハイ・パラディン,ニルヴァーナ・ハイ・パラディン
瀑征竜,,,1,名詞,一般,*,*,*,*,瀑征竜,バクセイリュウ,バクセイリュウ
炸裂装甲,,,1,名詞,一般,*,*,*,*,炸裂装甲,リアクティブアーマー,リアクティブアーマー
煌星,,,1,名詞,一般,*,*,*,*,煌星,キラボシ,キラボシ
眩暈風,,,1,名詞,一般,*,*,*,*,眩暈風,メマイカゼ,メマイカゼ
矮星竜,,,1,名詞,一般,*,*,*,*,矮星竜,ワイセイリュウ,ワイセイリュウ
荼吉尼,,,1,名詞,一般,*,*,*,*,荼吉尼,ダキニ,ダキニ
薔薇の聖弓手,,,1,名詞,一般,*,*,*,*,薔薇の聖弓手,ローズアーチャー,ローズアーチャー
蜃気楼の筒,,,1,名詞,一般,*,*,*,*,蜃気楼の筒,ミラージュシリンダー,ミラージュシリンダー
蟲笛,,,1,名詞,一般,*,*,*,*,蟲笛,ムシブエ,ムシブエ
蟲惑,,,1,名詞,一般,*,*,*,*,蟲惑,コワク,コワク
蟲惑魔,,,1,名詞,一般,*,*,*,*,蟲惑魔,コワクマ,コワクマ
賤竜,,,1,名詞,一般,*,*,*,*,賤竜,センリュウ,センリュウ
閻魔巳裂,,,1,名詞,一般,*,*,*,*,閻魔巳裂,ヤマミサキ,ヤマミサキ
隕石,,,1,名詞,一般,*,*,*,*,隕石,インセキ,インセキ
韋駄天,,,1,名詞,一般,*,*,*,*,韋駄天,イダテン,イダテン
髑髏,,,1,名詞,一般,*,*,*,*,髑髏,ドクロ,ドクロ
髑髏顔,,,1,名詞,一般,*,*,*,*,髑髏顔,ドクロガン,ドクロガン
鰤っ子姫,,,1,名詞,一般,*,*,*,*,鰤っ子姫,ブリンセス,ブリンセス
暗黒火炎龍,,,1,名詞,一般,*,*,*,*,暗黒火炎龍,アンコクカエンリュウ,アンコクカエンリュウ
テツドウ-O,,,1,名詞,一般,*,*,*,*,テツドウ-O,テツドウ-オー,テツドウ-オー
神聖騎士王,,,1,名詞,一般,*,*,*,*,神聖騎士王,シンセイキシオウ,シンセイキシオウ
The アトモスフィア,,,1,名詞,一般,*,*,*,*,The アトモスフィア,ジ アトモスフィア,ジ アトモスフィア
ホープレイV,,,1,名詞,一般,*,*,*,*,ホープレイV,ホープレイブイ,ホープレイブイ
Zero,,,1,名詞,一般,*,*,*,*,Zero,ゼロ,ゼロ
Z-ONE,,,1,名詞,一般,*,*,*,*,Z-ONE,ゼット・ワン,ゼット・ワン
ダイ-8,,,1,名詞,一般,*,*,*,*,ダイ-8,ダイ-ハチ,ダイ-ハチ
薔薇恋人,,,1,名詞,一般,*,*,*,*,薔薇恋人,バラ・ラヴァー,バラ・ラヴァー
薔薇の聖騎士,,,1,名詞,一般,*,*,*,*,薔薇の聖騎士,ローズ・パラディン,ローズ・パラディン
闇鬼,,,1,名詞,一般,*,*,*,*,闇鬼,アンキ,アンキ
BF T,,,1,名詞,一般,*,*,*,*,BF T,ブラックフェザー テイマー,ブラックフェザー テイマー
濁龍,,,1,名詞,一般,*,*,*,*,濁龍,ダクリュウ,ダクリュウ
The tripping MERCURY,,,1,名詞,一般,*,*,*,*,The tripping MERCURY,ザ・トリッピング・マーキュリー,ザ・トリッピング・マーキュリー
The blazing MARS,,,1,名詞,一般,*,*,*,*,The blazing MARS,ザ・ブレイジング・マーズ,ザ・ブレイジング・マーズ
The grand JUPITER,,,1,名詞,一般,*,*,*,*,The grand JUPITER,ザ・グランド・ジュピター,ザ・グランド・ジュピター
The despair URANUS,,,1,名詞,一般,*,*,*,*,The despair URANUS,ザ・ディスペア・ウラヌス,ザ・ディスペア・ウラヌス
The suppression PLUTO,,,1,名詞,一般,*,*,*,*,The suppression PLUTO,ザ・サプレッション・プルート,ザ・サプレッション・プルート
壊星,,,1,名詞,一般,*,*,*,*,壊星,カイセイ,カイセイ
The tyrant NEPTUNE,,,1,名詞,一般,*,*,*,*,The tyrant NEPTUNE,ザ・タイラント・ネプチューン,ザ・タイラント・ネプチューン
The big SATURN,,,1,名詞,一般,*,*,*,*,The big SATURN,ザ・ビッグ・サターン,ザ・ビッグ・サターン
The supremacy SUN,,,1,名詞,一般,*,*,*,*,The supremacy SUN,ザ・スプレマシー・サン,ザ・スプレマシー・サン
黄昏の交衣,,,1,名詞,一般,*,*,*,*,黄昏の交衣,トワイライト・クロス,トワイライト・クロス
無償交換,,,1,名詞,一般,*,*,*,*,無償交換,リコール,リコール
変則ギア,,,1,名詞,一般,*,*,*,*,変則ギア,トランスミッションギア,トランスミッションギア
銀河眼の光子竜,,,1,名詞,一般,*,*,*,*,銀河眼の光子竜,ギャラクシーアイズ・フォトン・ドラゴン,ギャラクシーアイズ・フォトン・ドラゴン
0%,,,1,名詞,一般,*,*,*,*,0%,ゼロパーセント,ゼロパーセント
The splendid VENUS,,,1,名詞,一般,*,*,*,*,The splendid VENUS,ザ・スプレンディッド・ヴィーナス,ザ・スプレンディッド・ヴィーナス
2人3脚,,,1,名詞,一般,*,*,*,*,2人3脚,ニニンサンキャク,ニニンサンキャク
海竜神,,,1,名詞,一般,*,*,*,*,海竜神,リバイアサン,リバイアサン
海竜神の加護,,,-10000,名詞,一般,*,*,*,*,海竜神の加護,カイリュウシンノカゴ,カイリュウシンノカゴ
海竜神-ネオダイダロス,,,-10000,名詞,一般,*,*,*,*,海竜神-ネオダイダロス,カイリュウシン-ネオダイダロス,カイリュウシン-ネオダイダロス
鎧獄竜,,,1,名詞,一般,*,*,*,*,鎧獄竜,ガイゴクリュウ,ガイゴクリュウ
五虹,,,1,名詞,一般,*,*,*,*,五虹,ゴコウ,ゴコウ
潜海奇襲,,,1,名詞,一般,*,*,*,*,潜海奇襲,シー・ステルス・アタック,シー・ステルス・アタック
白闘気海豚,,,1,名詞,一般,*,*,*,*,白闘気海豚,ホワイト・オーラ・ドルフィン,ホワイト・オーラ・ドルフィン
白闘気白鯨,,,1,名詞,一般,*,*,*,*,白闘気白鯨,ホワイト・オーラ・ホエール,ホワイト・オーラ・ホエール
真紅眼の幼竜,,,1,名詞,一般,*,*,*,*,真紅眼の幼竜,レッドアイズ・ベビードラゴン,レッドアイズ・ベビードラゴン
真紅眼の鉄騎士,,,1,名詞,一般,*,*,*,*,真紅眼の鉄騎士,レッドアイズ・メタルナイト,レッドアイズ・メタルナイト
真紅眼の黒刃竜,,,1,名詞,一般,*,*,*,*,真紅眼の黒刃竜,レッドアイズ・スラッシュドラゴン,レッドアイズ・スラッシュドラゴン
鎖付き真紅眼牙,,,1,名詞,一般,*,*,*,*,鎖付き真紅眼牙,クサリツキレッドアイズ・ファング,クサリツキレッドアイズ・ファング
アマゾネス王女,,,1,名詞,一般,*,*,*,*,アマゾネス王女,アマゾネスプリンセス,アマゾネスプリンセス
アマゾネスペット仔虎,,,1,名詞,一般,*,*,*,*,アマゾネスペット仔虎,アマゾネスペットベビータイガー,アマゾネスペットベビータイガー
時械巫女,,,1,名詞,一般,*,*,*,*,時械巫女,ジカイミコ,ジカイミコ
泥睡魔獣,,,-10000,名詞,一般,*,*,*,*,泥睡魔獣,デイスイマジュウ,デイスイマジュウ
おしゃもじ,,,1,名詞,一般,*,*,*,*,おしゃもじ,オシャモジ,オシャモジ
ROM,,,1,名詞,一般,*,*,*,*,ROM,ロム,ロム
Re:EX,,,1,名詞,一般,*,*,*,*,Re:EX,レックス,レックス
雷仙神,,,1,名詞,一般,*,*,*,*,雷仙神,カミナリセンジン,カミナリセンジン
武神器,,,1,名詞,一般,*,*,*,*,武神器,ブジンギ,ブジンギ
重力砲,,,1,名詞,一般,*,*,*,*,重力砲,グラヴィティ・ブラスター,グラヴィティ・ブラスター
Mk-II,,,1,名詞,一般,*,*,*,*,Mk-II,マーク-ツー,マーク-ツー
地霊神,,,1,名詞,一般,*,*,*,*,地霊神,チレイシン,チレイシン
ギアギガント X,,,1,名詞,一般,*,*,*,*,ギアギガント X,ギアギガント クロス,ギアギガント クロス
発条秤,,,1,名詞,一般,*,*,*,*,発条秤,ゼンマイバカリ,ゼンマイバカリ
X-ヘッド・キャノン,,,1,名詞,一般,*,*,*,*,X-ヘッド・キャノン,エックス-ヘッド・キャノン,エックス-ヘッド・キャノン
Y-ドラゴン・ヘッド,,,1,名詞,一般,*,*,*,*,Y-ドラゴン・ヘッド,ワイ-ドラゴン・ヘッド,ワイ-ドラゴン・ヘッド
Z-メタル・キャタピラー,,,1,名詞,一般,*,*,*,*,Z-メタル・キャタピラー,ゼット-メタル・キャタピラー,ゼット-メタル・キャタピラー
瓶亀,,,1,名詞,一般,*,*,*,*,瓶亀,カメガメ,カメガメ
魔槌,,,1,名詞,一般,*,*,*,*,魔槌,マヅチ,マヅチ
大熱波,,,1,名詞,一般,*,*,*,*,大熱波,ダイネッパ,ダイネッパ
XX-セイバー,,,1,名詞,一般,*,*,*,*,XX-セイバー,ダブルエックス-セイバー,ダブルエックス-セイバー
軍荼利,,,1,名詞,一般,*,*,*,*,軍荼利,グンダリ,グンダリ
BOX,,,1,名詞,一般,*,*,*,*,BOX,ボックス,ボックス
AI,,,1,名詞,一般,*,*,*,*,AI,エーアイ,エーアイ
AID,,,1,名詞,一般,*,*,*,*,AID,エイド,エイド
Re-BUSTER,,,1,名詞,一般,*,*,*,*,Re-BUSTER,リバスター,リバスター
ハーフorストップ,,,1,名詞,一般,*,*,*,*,ハーフorストップ,ハーフオアストップ,ハーフオアストップ
ブレンD,,,1,名詞,一般,*,*,*,*,ブレンD,ブレンディフォーマー,ブレンディフォーマー
御前試合,,,1,名詞,一般,*,*,*,*,御前試合,ゴゼンジアイ,ゴゼンジアイ
アルカナフォースI-THE MAGICIAN,,,1,名詞,一般,*,*,*,*,アルカナフォースI-THE MAGICIAN,アルカナフォースワン-ザ・マジシャン,アルカナフォースワン-ザ・マジシャン
アルカナフォースIII-THE EMPRESS,,,1,名詞,一般,*,*,*,*,アルカナフォースIII-THE EMPRESS,アルカナフォーススリー-ジ・エンプレス,アルカナフォーススリー-ジ・エンプレス
アルカナフォースIV-THE EMPEROR,,,1,名詞,一般,*,*,*,*,アルカナフォースIV-THE EMPEROR,アルカナフォースフォー-ジ・エンペラー,アルカナフォースフォー-ジ・エンペラー
アルカナフォースVI-THE LOVERS,,,1,名詞,一般,*,*,*,*,アルカナフォースVI-THE LOVERS,アルカナフォースシックス-ザ・ラバーズ,アルカナフォースシックス-ザ・ラバーズ
アルカナフォースVII-THE CHARIOT,,,1,名詞,一般,*,*,*,*,アルカナフォースVII-THE CHARIOT,アルカナフォースセブン-ザ・チャリオット,アルカナフォースセブン-ザ・チャリオット
アルカナフォースXIV-TEMPERANCE,,,1,名詞,一般,*,*,*,*,アルカナフォースXIV-TEMPERANCE,アルカナフォースフォーティーン-テンパランス,アルカナフォースフォーティーン-テンパランス
アルカナフォースXVIII-THE MOON,,,1,名詞,一般,*,*,*,*,アルカナフォースXVIII-THE MOON,アルカナフォースエイティーン-ザ・ムーン,アルカナフォースエイティーン-ザ・ムーン
アルカナフォースXXI-THE WORLD,,,1,名詞,一般,*,*,*,*,アルカナフォースXXI-THE WORLD,アルカナフォーストゥエンティーワン-ザ・ワールド,アルカナフォーストゥエンティーワン-ザ・ワールド
アルカナフォースEX-THE DARK RULER,,,1,名詞,一般,*,*,*,*,アルカナフォースEX-THE DARK RULER,アルカナフォースエクストラ-ザ・ダーク・ルーラー,アルカナフォースエクストラ-ザ・ダーク・ルーラー
ユベル-Das Abscheulich Ritter,,,1,名詞,一般,*,*,*,*,ユベル-Das Abscheulich Ritter,ユベル-ダス・アプシェリッヒ・リッター,ユベル-ダス・アプシェリッヒ・リッター
ユベル-Das Extremer Traurig Drachen,,,1,名詞,一般,*,*,*,*,ユベル-Das Extremer Traurig Drachen,ユベル-ダス・エクストレーム・トラウリヒ・ドラッヘ,ユベル-ダス・エクストレーム・トラウリヒ・ドラッヘ
電磁蚊,,,1,名詞,一般,*,*,*,*,電磁蚊,モスキート・マグネ,モスキート・マグネ
守護神,,,1,名詞,一般,*,*,*,*,守護神,シュゴシン,シュゴシン
NEX,,,1,名詞,一般,*,*,*,*,NEX,ネオスペーシアンエクステント,ネオスペーシアンエクステント
暗黒界の魔神,,,1,名詞,一般,*,*,*,*,暗黒界の魔神,アンコクカイノマシン,アンコクカイノマシン
暴鬼,,,1,名詞,一般,*,*,*,*,暴鬼,アバキ,アバキ
星見鳥ラリス,,,1,名詞,一般,*,*,*,*,星見鳥ラリス,ホシミドリラリス,ホシミドリラリス
ハーピィズペット仔竜,,,1,名詞,一般,*,*,*,*,ハーピィズペット仔竜,ハーピィズペットベビードラゴン,ハーピィズペットベビードラゴン
H-ヒートハート,,,1,名詞,一般,*,*,*,*,H-ヒートハート,エイチ-ヒートハート,エイチ-ヒートハート
E-エマージェンシーコール,,,1,名詞,一般,*,*,*,*,E-エマージェンシーコール,イー-エマージェンシーコール,イー-エマージェンシーコール
R-ライトジャスティス,,,1,名詞,一般,*,*,*,*,R-ライトジャスティス,アール-ライトジャスティス,アール-ライトジャスティス
O-オーバーソウル,,,1,名詞,一般,*,*,*,*,O-オーバーソウル,オー-オーバーソウル,オー-オーバーソウル
V-タイガー・ジェット,,,1,名詞,一般,*,*,*,*,V-タイガー・ジェット,ヴィ-タイガー・ジェット,ヴィ-タイガー・ジェット
W-ウィング・カタパルト,,,1,名詞,一般,*,*,*,*,W-ウィング・カタパルト,ダブル-ウィング・カタパルト,ダブル-ウィング・カタパルト
暗黒界の武神,,,1,名詞,一般,*,*,*,*,暗黒界の武神,アンコクカイノブシン,アンコクカイノブシン
VW-タイガー・カタパルト,,,1,名詞,一般,*,*,*,*,VW-タイガー・カタパルト,ヴィダブル-タイガー・カタパルト,ヴィダブル-タイガー・カタパルト
VWXYZ-ドラゴン・カタパルトキャノン,,,1,名詞,一般,*,*,*,*,VWXYZ-ドラゴン・カタパルトキャノン,ヴィトゥズィ-ドラゴン・カタパルトキャノン,ヴィトゥズィ-ドラゴン・カタパルトキャノン
二者一両損,,,1,名詞,一般,*,*,*,*,二者一両損,ニシャイチリョウゾン,ニシャイチリョウゾン
創世神,,,1,名詞,一般,*,*,*,*,創世神,ザ・クリエイター,ザ・クリエイター
ハーピィ・レディ3,,,1,名詞,一般,*,*,*,*,ハーピィ・レディ3,ハーピィ・レディスリー,ハーピィ・レディスリー
きつね火,,,1,名詞,一般,*,*,*,*,きつね火,キツネビ,キツネビ
トライアングル・X・スパーク,,,1,名詞,一般,*,*,*,*,トライアングル・X・スパーク,トライアングル・エクスタシー・スパーク,トライアングル・エクスタシー・スパーク
マスター・オブ・OZ,,,1,名詞,一般,*,*,*,*,マスター・オブ・OZ,マスター・オブ・オージー,マスター・オブ・オージー
レベル制限B地区,,,1,名詞,一般,*,*,*,*,レベル制限B地区,レベルセイゲンビーチク,レベルセイゲンビーチク
壺魔神,,,1,名詞,一般,*,*,*,*,壺魔神,ツボマシン,ツボマシン
ゴラ亀,,,1,名詞,一般,*,*,*,*,ゴラ亀,ゴラガメ,ゴラガメ
暗黒大要塞鯱,,,1,名詞,一般,*,*,*,*,暗黒大要塞鯱,アンコクダイヨウサイジャチ,アンコクダイヨウサイジャチ
砲弾ヤリ貝,,,1,名詞,一般,*,*,*,*,砲弾ヤリ貝,ホウダンヤリガイ,ホウダンヤリガイ
不意打ち又佐,,,1,名詞,一般,*,*,*,*,不意打ち又佐,フイウチマタザ,フイウチマタザ
地獄の番熊,,,1,名詞,一般,*,*,*,*,地獄の番熊,ジゴクノバングマ,ジゴクノバングマ
迷犬,,,1,名詞,一般,*,*,*,*,迷犬,メイケン,メイケン
堕落,,,1,名詞,一般,*,*,*,*,堕落,フォーリン・ダウン,フォーリン・ダウン
大剣,,,1,名詞,一般,*,*,*,*,大剣,タイケン,タイケン
墓守の長,,,1,名詞,一般,*,*,*,*,墓守の長,ハカモリノオサ,ハカモリノオサ
悪夢の拷問部屋,,,1,名詞,一般,*,*,*,*,悪夢の拷問部屋,アクムノゴウモンベヤ,アクムノゴウモンベヤ
侍,,,1,名詞,一般,*,*,*,*,侍,ザムライ,ザムライ
運命の火時計,,,1,名詞,一般,*,*,*,*,運命の火時計,ウンメイノヒドケイ,ウンメイノヒドケイ
魔導紳士-J,,,1,名詞,一般,*,*,*,*,魔導紳士-J,マドウシンシ-ジェー,マドウシンシ-ジェー
阿修羅,,,1,名詞,一般,*,*,*,*,阿修羅,アスラ,アスラ
賢者,,,1,名詞,一般,*,*,*,*,賢者,ケンジャ,ケンジャ
ドラゴンの宝珠,,,1,名詞,一般,*,*,*,*,ドラゴンの宝珠,ドラゴンのホウジュ,ドラゴンのホウジュ
UFO,,,1,名詞,一般,*,*,*,*,UFO,ユーフォー,ユーフォー
ソロモンの律法書,,,1,名詞,一般,*,*,*,*,ソロモンの律法書,ソロモンノリッポウショ,ソロモンノリッポウショ
大亀,,,1,名詞,一般,*,*,*,*,大亀,オオガメ,オオガメ
いたずら好き,,,1,名詞,一般,*,*,*,*,いたずら好き,イタズラズキ,イタズラズキ
B・プラント,,,1,名詞,一般,*,*,*,*,B・プラント,バイオ・プラント,バイオ・プラント
氷,,,1,名詞,一般,*,*,*,*,氷,ヒョウ,ヒョウ
THE,,,1,名詞,一般,*,*,*,*,THE,ザ,ザ
BOXサー,,,-10000,名詞,一般,*,*,*,*,BOXサー,ボクサー,ボクサー
降魔鏡,,,1,名詞,一般,*,*,*,*,降魔鏡,コウマキョウ,コウマキョウ
大刃禍是,,,1,名詞,一般,*,*,*,*,大刃禍是,ダイバカゼ,ダイバカゼ
暗黒界の武神,,,-10000,名詞,一般,*,*,*,*,暗黒界の武神,アンコクカイノブシン,アンコクカイノブシン
修験者,,,1,名詞,一般,*,*,*,*,修験者,シュゲンジャ,シュゲンジャ
アルカナフォースEX-THE LIGHT RULER,,,1,名詞,一般,*,*,*,*,アルカナフォースEX-THE LIGHT RULER,アルカナフォースエクストラ-ザ・ライト・ルーラー,アルカナフォースエクストラ-ザ・ライト・ルーラー
B-バスター・ドレイク,,,1,名詞,一般,*,*,*,*,B-バスター・ドレイク,ビー-バスター・ドレイク,ビー-バスター・ドレイク
AtoZ-ドラゴン・バスターキャノン,,,1,名詞,一般,*,*,*,*,AtoZ-ドラゴン・バスターキャノン,エートゥズィ-ドラゴン・バスターキャノン,エートゥズィ-ドラゴン・バスターキャノン
ABC-ドラゴン・バスター,,,1,名詞,一般,*,*,*,*,ABC-ドラゴン・バスター,エービーシー-ドラゴン・バスター,エービーシー-ドラゴン・バスター
創世竜,,,1,名詞,一般,*,*,*,*,創世竜,ジェネシックドラゴン,ジェネシックドラゴン
暗黒界の龍神,,,1,名詞,一般,*,*,*,*,暗黒界の龍神,アンコクカイノリュウシン,アンコクカイノリュウシン
アマゾネスの叫声,,,1,名詞,一般,*,*,*,*,アマゾネスの叫声,アマゾネス・コール,アマゾネス・コール
メガロイド都市,,,1,名詞,一般,*,*,*,*,メガロイド都市,メガロイドシティ,メガロイドシティ
ボンディング-D2O,,,1,名詞,一般,*,*,*,*,ボンディング-D2O,ボンディング-ディーツーオー,ボンディング-ディーツーオー
ボンディング-DHO,,,1,名詞,一般,*,*,*,*,ボンディング-DHO,ボンディング-ディーエイチオー,ボンディング-ディーエイチオー
沈黙の剣,,,1,名詞,一般,*,*,*,*,沈黙の剣,チンモクノツルギ,チンモクノツルギ
FA,,,1,名詞,一般,*,*,*,*,FA,フルアーマード,フルアーマード
ゴゴゴゴーレム-GF,,,1,名詞,一般,*,*,*,*,ゴゴゴゴーレム-GF,ゴゴゴゴーレム-ゴールデンフォーム,ゴゴゴゴーレム-ゴールデンフォーム
&,,,1,名詞,一般,*,*,*,*,&,アンド,アンド
地雷蜘蛛,,,1,名詞,一般,*,*,*,*,地雷蜘蛛,ジライグモ,ジライグモ
剣竜,,,1,名詞,一般,*,*,*,*,剣竜,ソード・ドラゴン,ソード・ドラゴン
悪魔払い,,,1,名詞,一般,*,*,*,*,悪魔払い,アクマバライ,アクマバライ
魔女狩り,,,1,名詞,一般,*,*,*,*,魔女狩り,マジョガリ,マジョガリ
カラクリ蜘蛛,,,1,名詞,一般,*,*,*,*,カラクリ蜘蛛,カラクリグモ,カラクリグモ
黒き人食い鮫,,,1,名詞,一般,*,*,*,*,黒き人食い鮫,クロキヒトクイザメ,クロキヒトクイザメ
朱雀,,,1,名詞,一般,*,*,*,*,朱雀,スザク,スザク
ブービートラップE,,,1,名詞,一般,*,*,*,*,ブービートラップE,ブービートラップイー,ブービートラップイー
KYOUTOUウォーターフロント,,,1,名詞,一般,*,*,*,*,KYOUTOUウォーターフロント,キョウトウウォーターフロント,キョウトウウォーターフロント
X-レイ・ピアース,,,1,名詞,一般,*,*,*,*,X-レイ・ピアース,エクシーズ-レイ・ピアース,エクシーズ-レイ・ピアース
XY-ドラゴン・キャノン,,,1,名詞,一般,*,*,*,*,XY-ドラゴン・キャノン,エックスワイ-ドラゴン・キャノン,エックスワイ-ドラゴン・キャノン
XZ-キャタピラー・キャノン,,,1,名詞,一般,*,*,*,*,XZ-キャタピラー・キャノン,エックスゼット-キャタピラー・キャノン,エックスゼット-キャタピラー・キャノン
XYZ-ドラゴン・キャノン,,,1,名詞,一般,*,*,*,*,XYZ-ドラゴン・キャノン,エックスワイゼット-ドラゴン・キャノン,エックスワイゼット-ドラゴン・キャノン
カラクリ樽,,,1,名詞,一般,*,*,*,*,カラクリ樽,カラクリダル,カラクリダル
六武式風雷斬,,,1,名詞,一般,*,*,*,*,六武式風雷斬,ロクブシキフウライザン,ロクブシキフウライザン
RAI-JIN,,,1,名詞,一般,*,*,*,*,RAI-JIN,ライ-ジン,ライ-ジン
RAI-MEI,,,1,名詞,一般,*,*,*,*,RAI-MEI,ライ-メイ,ライ-メイ
OToサンダー,,,1,名詞,一般,*,*,*,*,OToサンダー,オトサンダー,オトサンダー
OKaサンダー,,,1,名詞,一般,*,*,*,*,OKaサンダー,オカサンダー,オカサンダー
ONeサンダー,,,1,名詞,一般,*,*,*,*,ONeサンダー,オネサンダー,オネサンダー
氷の女王,,,1,名詞,一般,*,*,*,*,氷の女王,コオリノジョオウ,コオリノジョオウ
R・R・R,,,1,名詞,一般,*,*,*,*,R・R・R,レイド・ラプターズ・レプリカ,レイド・ラプターズ・レプリカ
ONiサンダー,,,1,名詞,一般,*,*,*,*,ONiサンダー,オニサンダー,オニサンダー
三段腹,,,1,名詞,一般,*,*,*,*,三段腹,サンダンバラ,サンダンバラ
RAM,,,1,名詞,一般,*,*,*,*,RAM,ラム,ラム
ギャラクシーアイズ FA・フォトン・ドラゴン,,,-10000,名詞,一般,*,*,*,*,ギャラクシーアイズ FA・フォトン・ドラゴン,ギャラクシーアイズ フルアーマー・フォトン・ドラゴン,ギャラクシーアイズ フルアーマー・フォトン・ドラゴン
ハーピィ・レディ・SB,,,1,名詞,一般,*,*,*,*,ハーピィ・レディ・SB,ハーピィ・レディ・サイバー・ボンテージ,ハーピィ・レディ・サイバー・ボンテージ
火車,,,1,名詞,一般,*,*,*,*,火車,カシャ,カシャ
バグマンX,,,1,名詞,一般,*,*,*,*,バグマンX,バグマンエックス,バグマンエックス
バグマンY,,,1,名詞,一般,*,*,*,*,バグマンY,バグマンワイ,バグマンワイ
バグマンZ,,,1,名詞,一般,*,*,*,*,バグマンZ,バグマンゼット,バグマンゼット
=,,,1,名詞,一般,*,*,*,*,=,イコール,イコール
YZ-キャタピラー・ドラゴン,,,1,名詞,一般,*,*,*,*,YZ-キャタピラー・ドラゴン,ワイゼット-キャタピラー・ドラゴン,ワイゼット-キャタピラー・ドラゴン
メガロスマッシャーX,,,1,名詞,一般,*,*,*,*,メガロスマッシャーX,メガロスマッシャーエックス,メガロスマッシャーエックス
沈黙の剣士,,,1,名詞,一般,*,*,*,*,沈黙の剣士,チンモクノケンシ,チンモクノケンシ
天空竜,,,1,名詞,一般,*,*,*,*,天空竜,スカイ・ドラゴン,スカイ・ドラゴン
オシリスの天空竜,,,-10000,名詞,一般,*,*,*,*,オシリスの天空竜,オシリスノテンクウリュウ,オシリスノテンクウリュウ
YU-JYO,,,1,名詞,一般,*,*,*,*,YU-JYO,ユウジョウ,ユウジョウ
UNITY,,,1,名詞,一般,*,*,*,*,UNITY,ユニティ,ユニティ
時花の魔女,,,1,名詞,一般,*,*,*,*,時花の魔女,トキバナノマジョ,トキバナノマジョ
Kホース,,,1,名詞,一般,*,*,*,*,Kホース,ケイホース,ケイホース
ギアギアギア XG,,,1,名詞,一般,*,*,*,*,ギアギアギア XG,ギアギアギア クロスギガント,ギアギアギア クロスギガント
体力増強剤スーパーZ,,,1,名詞,一般,*,*,*,*,体力増強剤スーパーZ,タイリョクゾウキョウザイスーパーゼット,
